name,mid,weight
Walt Disney,/m/081nh,1285618.0
Jackie Robinson,/m/0443c,647561.0
Abraham Lincoln,/m/0gzh,376502.0
Liberace,/m/03f14t3,351231.0
Bharath,/m/025s4hp,260983.0
Alfred Hitchcock,/m/0j_c,195524.0
Tom Cruise,/m/07r1h,191665.0
Steve Jobs,/m/06y3r,180890.0
Richard Kuklinski,/m/04m3sw,171747.0
Johnny Depp,/m/0jfx1,157815.0
Aurangzeb,/m/0zf1,153388.0
Dwayne Johnson,/m/014g_s,150919.0
Will Smith,/m/0147dk,148095.0
Quentin Tarantino,/m/0693l,141597.0
Leonardo DiCaprio,/m/0dvmd,140617.0
Brad Pitt,/m/0c6qh,135784.0
Denzel Washington,/m/0pmhf,125563.0
Amber Hagerman,/m/02t57b,120691.0
Nicolas Cage,/m/01vvb4m,119226.0
Adam Sandler,/m/0pz91,117418.0
Anna Nicole Smith,/m/0hwfl,117073.0
Salman Khan,/m/01s0l0,115610.0
Angelina Jolie,/m/0f4vbz,112665.0
Shahrukh Khan,/m/01zh29,108976.0
Bruce Willis,/m/0h7pj,105385.0
Tom Hanks,/m/0bxtg,105078.0
Jackie Chan,/m/012d40,103389.0
Sunny Leone,/m/0214xp,95746.0
Clint Eastwood,/m/0bwh6,92912.0
Jason Statham,/m/034hyc,90419.0
Aamir Khan,/m/015npr,87297.0
Stephen King,/m/0jt90f5,86610.0
Amitabh Bachchan,/m/0tj9,85702.0
Pierre-Auguste Renoir,/m/06466,84444.0
Rowan Atkinson,/m/0djywgn,84268.0
Tyler Perry,/m/05wm88,83863.0
Jim Carrey,/m/0lx2l,80913.0
Ryan Gosling,/m/03m6_z,80574.0
Sandra Bullock,/m/0794g,80524.0
Channing Tatum,/m/06lvlf,77096.0
Jet Li,/m/0451j,76348.0
Robert De Niro,/m/06cgy,74013.0
Matt Damon,/m/0169dl,72876.0
Mark Wahlberg,/m/0gy6z9,70376.0
Jesus Christ,/m/045m1_,69589.0
Tionne Watkins,/m/01w_xgz,68218.0
Rozonda Thomas,/m/01w_xgq,67863.0
Woody Allen,/m/081lh,66032.0
Mahatma Gandhi,/m/04xfb,65438.0
Maria Ozawa,/m/0b0xxs,63964.0
The Notorious B.I.G.,/m/01vz0g4,63319.0
Nicholas Sparks,/m/0328bl,63214.0
Gerard Butler,/m/038rzr,62519.0
Caligula,/m/01_31,62282.0
Vin Diesel,/m/025n3p,62224.0
Akshay Kumar,/m/02tq2r,62050.0
Elvis Presley,/m/02jq1,61189.0
Sudeep,/m/02q6jws,61050.0
Arnold Schwarzenegger,/m/0tc7,60994.0
Steven Spielberg,/m/06pj8,59851.0
John Wayne,/m/043gj,58971.0
aXXo,/m/0264vkp,58459.0
Morgan Freeman,/m/055c8,57955.0
Will Ferrell,/m/018grr,57524.0
Jennifer Aniston,/m/09yrh,55541.0
Miley Cyrus,/m/0bdxs5,54819.0
Elizabeth I of England,/m/02rg_,53189.0
Mel Gibson,/m/0c1pj,52448.0
Robert Downey Jr.,/m/016z2j,52156.0
Jenni Rivera,/m/01v5vfj,51875.0
Tim Burton,/m/07rd7,50907.0
Gippy Grewal,/m/076ypgv,49493.0
John Cusack,/m/01gkmx,49465.0
Robin Williams,/m/0dzf_,49348.0
Abraham Zapruder,/m/01x407,49301.0
Jennifer Lopez,/m/043zg,48932.0
Justin Timberlake,/m/0j1yf,48534.0
Samuel L. Jackson,/m/0f5xn,48440.0
Ajay Devgan,/m/044pqn,48191.0
Al Pacino,/m/0bj9k,47610.0
Russell Crowe,/m/06dv3,46975.0
Julia Roberts,/m/046zh,46920.0
Charlie Chaplin,/m/01lc5,46806.0
John Travolta,/m/0f502,46477.0
Bruce Lee,/m/099d4,46075.0
Zodiac Killer,/m/01ltq7,45853.0
Margaret Thatcher,/m/03f5vvx,45584.0
Vijay,/m/04v7k2,45310.0
Cleopatra,/m/0gj27,45213.0
Jean-Claude Van Damme,/m/0m8_v,44888.0
Selena Gomez,/m/0gs6vr,44747.0
George Clooney,/m/014zcr,44367.0
Meryl Streep,/m/0h0wc,43455.0
Swathi Thirunal Rama Varma,/m/02h7fm,42920.0
Ludwig van Beethoven,/m/04k15,42296.0
Anne Hathaway,/m/02vntj,42262.0
Kevin Bacon,/m/04954,42166.0
Sylvester Stallone,/m/0gn30,41923.0
Harrison Ford,/m/0c0k1,41733.0
Michael Douglas,/m/0kjgl,41459.0
Emraan Hashmi,/m/0b82nz,40911.0
Upendra,/m/04w8y4,40790.0
Steve Carell,/m/04t2l2,40573.0
Kanti Shah,/m/041863v,40448.0
Sunny Deol,/m/03vrnh,40434.0
Rich Christiano,/m/08r4wf,40102.0
Jack Nicholson,/m/09fb5,39876.0
Freddie Mercury,/m/01vn0t_,39861.0
Hayao Miyazaki,/m/0534v,39386.0
Selena,/m/01l72d6,39222.0
Alexander the Great,/m/0jrg,39202.0
Ben Affleck,/m/0151w_,38945.0
Osama bin Laden,/m/05mg9,38217.0
Temple Grandin,/m/016q2n,37544.0
Vijaykanth,/m/060s9n,37224.0
Halle Berry,/m/03knl,37167.0
Zac Efron,/m/06wm0z,36454.0
Adolf Hitler,/m/07_m9_,36430.0
Wolfgang Amadeus Mozart,/m/082db,36192.0
"Diana, Princess of Wales",/m/06053,35529.0
Sacha Baron Cohen,/m/0c9c0,35246.0
Bradley Cooper,/m/01_xtx,35236.0
Matthew McConaughey,/m/02mjf2,35186.0
Ben Stiller,/m/0mdqp,34837.0
Eddie Murphy,/m/0f7hc,34708.0
Jodie Foster,/m/0chw_,34469.0
Steven Seagal,/m/0hqly,34328.0
Allu Arjun,/m/0bj640,34038.0
John F. Kennedy,/m/0d3k14,33842.0
Reese Witherspoon,/m/0n6f8,33818.0
Govinda,/m/05_zc7,33713.0
Kevin Costner,/m/0127m7,33419.0
Anne Frank,/m/03d9rk,32381.0
Seth Rogen,/m/05txrz,32131.0
Michael Caine,/m/0gnbw,31486.0
Rob Zombie,/m/01wg982,31376.0
Jennifer Lawrence,/m/02x0dzw,31352.0
Joel Coen,/m/02kxbx3,31221.0
David,/m/02cvn,31053.0
Liam Neeson,/m/0h5g_,31049.0
Jamie Foxx,/m/01wmxfs,30957.0
Erin Brockovich,/m/02nxk,30754.0
Harvey Milk,/m/01brc5,30374.0
"Fernando Poe, Jr.",/m/02zpj9,30288.0
Tinto Brass,/m/03q1xf,29940.0
J. Edgar Hoover,/m/0431h,29753.0
Richard Gere,/m/01438g,29633.0
Jon Stewart,/m/01j7rd,29381.0
Audrey Hepburn,/m/0dqcm,29270.0
James Dean,/m/01w32s8,29241.0
Sean Penn,/m/0sz28,29138.0
Amanda Bynes,/m/01cwkq,29004.0
Kevin Hart,/m/0ggp1n,28851.0
Nicole Kidman,/m/05dbf,28791.0
Marilyn Monroe,/m/04wqr,28628.0
Grand Duchess Anastasia Nikolaevna of Russia,/m/0k091,28540.0
Robert Redford,/m/0gs1_,28458.0
Patrick Swayze,/m/02h3tp,28454.0
Steve Martin,/m/0p_47,28403.0
Emma Watson,/m/0134w7,27977.0
Keanu Reeves,/m/0479b,27902.0
Spartacus,/m/06pp6,27881.0
Hilary Duff,/m/0lk90,27876.0
Bill Murray,/m/0p_pd,27724.0
Mel Brooks,/m/052hl,27699.0
Jack Black,/m/01vsn38,27259.0
Anthony Hopkins,/m/0z4s,27202.0
Kanye West,/m/02l840,27179.0
Michael Jackson,/m/09889g,27150.0
Prabhas,/m/0cmn9c,26442.0
Lee Min-ho,/m/05b1zf9,26325.0
Jayceon Terrell Taylor,/m/01vwd7x,26135.0
Charles Bronson,/m/01szwq,26124.0
Jenna Jameson,/m/0jwtj,26110.0
Hannibal,/m/03mj7,25918.0
Sasha Grey,/m/026c6lr,25865.0
Malcolm X,/m/03f2h01,25765.0
Shakeela,/m/0bsw93,25661.0
Kristen Stewart,/m/07swvb,25474.0
Cameron Diaz,/m/0bksh,25462.0
Edward Norton,/m/01515w,25383.0
Kevin Spacey,/m/048lv,25016.0
Christian Bale,/m/01wy5m,25015.0
Ryan Reynolds,/m/036hf4,24968.0
Cary Grant,/m/09qh1,24953.0
Jandhyala Subramanya Sastry,/m/027vnys,24918.0
Lindsay Lohan,/m/01pgzn_,24840.0
Rajnikanth,/m/02wmbg,24745.0
Barbra Streisand,/m/03f2_rc,24722.0
Sanjay Dutt,/m/03m2fg,24625.0
M. Night Shyamalan,/m/0jrqq,23900.0
Paul Walker,/m/01kgxf,23879.0
Priyanka Chopra,/m/03fwln,23779.0
Rubin Carter,/m/01pgnb,23768.0
Tori Black,/m/04zzzw0,23765.0
Sara Tommasi,/m/0c3_s_m,23764.0
Vince Vaughn,/m/0315q3,23763.0
Snowtown murders,/m/05vyr0,23714.0
Ranbir Kapoor,/m/08knbm,23608.0
Sean Connery,/m/06mr6,23591.0
Hilary Swank,/m/0mz73,23511.0
Charles Manson,/m/0bq63,23504.0
Hannah Arendt,/m/0nk72,23378.0
John Cena,/m/01ypx5,23267.0
Bailey Jay,/m/0dsb73j,23259.0
Hrithik Roshan,/m/0f5zj6,23229.0
Kate Winslet,/m/0dvld,23173.0
Muhammad Ali,/m/0h353,23130.0
Mithun Chakraborty,/m/04c636,23056.0
William Shakespeare,/m/081k8,22969.0
Ice Cube,/m/01vw26l,22848.0
Lisa Ann,/m/03cbvzj,22702.0
Suriya,/m/05l1x8,22660.0
Yip Man,/m/014y87,22644.0
N. T. Rama Rao Jr.,/m/0dv47r,22592.0
Wes Anderson,/m/02ld6x,22512.0
James Gandolfini,/m/01z7_f,22425.0
Mahesh Babu,/m/07t5b3,22370.0
Christopher Johnson McCandless,/m/036drl,22272.0
Beyoncé,/m/01mpq7s,22236.0
Kamal Haasan,/m/01x2tm8,22222.0
Tupac Shakur,/m/07pzc,22133.0
Mohanlal,/m/02fbpz,22101.0
Scarlett Johansson,/m/02114t,22083.0
Shirley Ardell Mason,/m/0bc0v1,22075.0
Nagarjuna,/m/06pwf6,22012.0
John Holmes,/m/0m588,21966.0
Drew Barrymore,/m/026c1,21853.0
Leigh Francis,/m/04rcg1,21851.0
Dakota Fanning,/m/0fthdk,21799.0
Amy Adams,/m/0b25vg,21692.0
Monica Bellucci,/m/01pcrc,21530.0
Colin Farrell,/m/01wxyx1,21506.0
Dennis Quaid,/m/01tnxc,21454.0
Natalie Portman,/m/09l3p,21309.0
Robert Pattinson,/m/062dn7,21167.0
Sajid Nadiadwala,/m/0dbjg1,21093.0
Shia LaBeouf,/m/04w391,20601.0
Dustin Hoffman,/m/0bl2g,20502.0
Charles Bronson,/m/01dkpb,20482.0
Katherine Heigl,/m/025b5y,20472.0
50 Cent,/m/01vvyc_,20212.0
Ashton Kutcher,/m/01p4vl,20176.0
Tommy Lee Jones,/m/01kwsg,20170.0
Spike Lee,/m/06pjs,20136.0
George Lucas,/m/0343h,20019.0
André the Giant,/m/0_f5,19994.0
Kate Hudson,/m/01g23m,19805.0
Hugh Jackman,/m/03h_9lg,19797.0
Aletta Ocean,/m/09v3btl,19744.0
Chuck Norris,/m/015lhm,19692.0
Stanley Kubrick,/m/06mn7,19596.0
Vince Flynn,/m/0730vj,19580.0
Val Kilmer,/m/0d_84,19532.0
Demi Moore,/m/019pm_,19379.0
Sharon Stone,/m/0btpx,19309.0
Chiranjeevi,/m/02xfrd,19250.0
Jean Renoir,/m/0qdm8,19248.0
Rudy Ruettiger,/m/045_tb,19103.0
Bernie Tiede,/m/0gvtl74,19062.0
Keira Knightley,/m/01l2fn,19053.0
Belladonna,/m/032wwh,19033.0
James Stewart,/m/044qx,19002.0
Justin Bieber,/m/06w2sn5,18851.0
Ram Charan,/m/03c72bb,18747.0
Tabu,/m/03x31g,18710.0
Prince,/m/01vvycq,18698.0
Joan of Arc,/m/046mm,18524.0
Owen Wilson,/m/01q_ph,18510.0
Ajith Kumar,/m/06c53w,18491.0
Elizabeth II,/m/0d1_f,18456.0
Jude Law,/m/01r93l,18392.0
Emma Stone,/m/09yhzs,18371.0
Mila Kunis,/m/023v4_,18344.0
Madonna,/m/01vs_v8,18321.0
Salma Hayek,/m/06x58,18285.0
Ted Bundy,/m/0123h6,18252.0
V. Shantaram,/m/09zfx5,18236.0
Phil Spector,/m/0gt_k,18212.0
Jake Gyllenhaal,/m/02js6_,18167.0
Katrina Kaif,/m/08ch36,18008.0
Tom Hardy,/m/05xf75,17965.0
Johnny Cash,/m/03h_fk5,17953.0
Joan Jett,/m/01_8rq,17922.0
Pierce Brosnan,/m/018p4y,17739.0
Cindy Crawford,/m/01n9_r,17503.0
Hugh Grant,/m/016xh5,17493.0
Dhanush,/m/0f0djh,17472.0
James Franco,/m/05bnp0,17408.0
Jeff Bridges,/m/0flw6,17328.0
John Hughes,/m/0py5b,17268.0
Nelson Mandela,/m/05g7q,17206.0
T. A. Madhuram,/m/0ds3761,17148.0
Shahid Kapoor,/m/03zhqs,17100.0
John Gotti,/m/0ks7d,17071.0
Truman Capote,/m/014dq7,17049.0
John A. Gotti,/m/068ls6,16888.0
Jane Austen,/m/040dv,16864.0
Meg Ryan,/m/0dn3n,16860.0
Gene Hackman,/m/039bp,16848.0
Barack Obama,/m/02mjmr,16811.0
Serena Williams,/m/015z4j,16737.0
Pablo Escobar,/m/015dz8,16710.0
Gwyneth Paltrow,/m/0bq2g,16684.0
Charlize Theron,/m/01l9p,16628.0
Heath Ledger,/m/0237fw,16591.0
Augustine of Hippo,/m/0w6w,16555.0
Chopper Read,/m/025fkq,16521.0
Paul Rudd,/m/032w8h,16405.0
Jacob,/m/0jt0lm_,16379.0
Ravi Teja,/m/0fb_fx,16320.0
Gia Carangi,/m/03btn,16257.0
Queen Latifah,/m/01wgcvn,16204.0
Ridley Scott,/m/06chf,16203.0
Paul Newman,/m/0d6d2,16194.0
Ayrton Senna,/m/012pxw,16160.0
Amanda Seyfried,/m/03zz8b,16109.0
Robin Padilla,/m/07bntb,16047.0
Coco Chanel,/m/037g0,15984.0
Kareena Kapoor,/m/02756j,15940.0
Taylor Lautner,/m/07ldhs,15925.0
Christopher Walken,/m/016fjj,15827.0
Donnie Yen,/m/054k_8,15811.0
Jack the Ripper,/m/0gs_wz,15790.0
Aishwarya Rai Bachchan,/m/050llt,15725.0
Mammootty,/m/02hkv5,15565.0
Katy Perry,/m/03y82t6,15487.0
Daniel Craig,/m/04shbh,15340.0
Martin Scorsese,/m/04sry,15314.0
Hema Malini,/m/02n1p5,15261.0
Chris Rock,/m/016_mj,15237.0
Rituparno Ghosh,/m/067tk6,15228.0
Jiah Khan,/m/0283148,15206.0
Richard I of England,/m/06kq_,15183.0
Rajesh Khanna,/m/061zc_,15146.0
Megan Fox,/m/05vk_d,15139.0
Cindy Hope,/m/09gn_xb,15123.0
Paul Raymond,/m/074p9c,15112.0
"Martin Luther King, Jr.",/m/051cc,15109.0
Stone Cold Steve Austin,/m/01zx8c,15091.0
Whitey Bulger,/m/02s0t_,15017.0
Kurt Russell,/m/01g969,14950.0
Jessica Alba,/m/01yf85,14908.0
Linda Lovelace,/m/0d903,14831.0
Philip Markoff,/m/05zp9nr,14778.0
Dr. Dre,/m/01vvydl,14750.0
Jeremy Lin,/m/09k72lh,14730.0
Martin Lawrence,/m/02633g,14714.0
Hawaii,/m/03gh4,14686.0
Eminem,/m/01vsgrn,14658.0
Pocahontas,/m/01jggg,14598.0
Anna Kendrick,/m/04066xj,14589.0
Gary Busey,/m/03ds3,14587.0
Jeff Buckley,/m/017fhk,14550.0
Cher,/m/01vtj38,14539.0
Babe Ruth,/m/01bss,14531.0
Tamannaah,/m/027cxm3,14504.0
Melissa McCarthy,/m/03_29d,14426.0
Josh Hutcherson,/m/08wjf4,14360.0
Guy Ritchie,/m/0mm1q,14351.0
Pawan Kalyan,/m/069nv4,14306.0
Sunil Shetty,/m/044prt,14292.0
Richard Nixon,/m/06c97,14250.0
Helen Keller,/m/03ppx,14156.0
Charlie Sheen,/m/01pllx,14140.0
David Bowie,/m/01vsy7t,14102.0
Nina Simone,/m/03f3_p3,14090.0
Gautama Buddha,/m/015k7,14081.0
John Wayne Gacy,/m/0gm9n,14051.0
Joko Widodo,/m/0dsc093,13998.0
Diane Lane,/m/01skmp,13993.0
Kajol,/m/0241wg,13969.0
Madhuri Dixit,/m/01wttr1,13899.0
Domino Harvey,/m/06bxgv,13848.0
Anna German,/m/01sd5zr,13807.0
Anil Kapoor,/m/03j367r,13739.0
Dharmendra,/m/02n1gr,13632.0
Jason Bateman,/m/032xhg,13626.0
Ernest Hemingway,/m/02kz_,13566.0
Brendan Fraser,/m/0227tr,13565.0
Ewan McGregor,/m/0k269,13551.0
Dr. Seuss,/m/02g3w,13532.0
Daggubati Venkatesh,/m/05yhh7,13512.0
Asa Akira,/m/051ypr_,13463.0
Anjali,/m/05q3_j9,13406.0
Alexis Texas,/m/02xb4d3,13394.0
Tony Jaa,/m/03j246,13383.0
Shivrajkumar,/m/0h63f_,13360.0
Jesse Jane,/m/06ln2k,13359.0
Kurt Cobain,/m/0484q,13346.0
Ethan Hawke,/m/015v3r,13323.0
Christopher Nolan,/m/0184dt,13311.0
Genghis Khan,/m/0bq53,13123.0
Bill Pullman,/m/01gy7r,13052.0
Elizabeth Smart,/m/0l8d9,13043.0
Penélope Cruz,/m/05q_b,13042.0
Ashoka,/m/0n5l,12997.0
Antonio Banderas,/m/0436kgz,12953.0
Frida Kahlo,/m/015k04,12914.0
Philip K. Dick,/m/05qzv,12785.0
Aisha bint Abu Bakr,/m/0t46,12761.0
Satyajit Ray,/m/071xj,12715.0
Helen Mirren,/m/01hkhq,12663.0
Billy Crystal,/m/01h1b,12654.0
John Candy,/m/0mfj2,12645.0
Ashley Judd,/m/0btxr,12624.0
Michelle Pfeiffer,/m/0gx_p,12568.0
Jessica Biel,/m/0320jz,12540.0
Reshma,/m/0dmkjr,12528.0
Hillary Clinton,/m/0d06m5,12520.0
Snoop Dogg,/m/01vw8mh,12498.0
Wesley Snipes,/m/02lymt,12455.0
Sola Aoi,/m/051w39,12433.0
Bette Davis,/m/0h1m9,12427.0
Che Guevara,/m/0d39k,12419.0
Robert Duvall,/m/015c4g,12385.0
Martin Luther,/m/04yd_,12369.0
Sarah Palin,/m/08f3b1,12326.0
Patch Adams,/m/020zp2,12307.0
Diane Keaton,/m/01csvq,12208.0
James Cameron,/m/03_gd,12194.0
Traci Lords,/m/018fyy,12178.0
Michael Jordan,/m/054c1,12148.0
Rajkumar,/m/02kgy2,12072.0
Catherine Zeta-Jones,/m/013knm,12055.0
Susan Sarandon,/m/01vwllw,12021.0
Kay Parker,/m/05_mdz,11958.0
Krishna,/m/025xy_l,11926.0
Whoopi Goldberg,/m/0fb1q,11899.0
Jeffrey Dahmer,/m/044b5,11889.0
Sathyaraj,/m/05kfc1,11889.0
Lenny Cooke,/m/026hcrd,11882.0
Amanda Knox,/m/05nb871,11857.0
Jonah Hill,/m/0fby2t,11797.0
Doris Day,/m/029ql,11789.0
Woody Harrelson,/m/0170s4,11713.0
James Deen,/m/05c3s_y,11709.0
Steve McQueen,/m/012cj0,11662.0
Bette Midler,/m/01dw9z,11582.0
Mary-Kate Olsen,/m/01z0rcq,11479.0
A. R. Rahman,/m/01gg59,11442.0
Moses,/m/04yfh,11442.0
Julianne Moore,/m/01kb2j,11425.0
Rocco Siffredi,/m/01zw05,11404.0
Ben Kingsley,/m/016k6x,11373.0
Burt Reynolds,/m/0187y5,11352.0
N. T. Rama Rao,/m/01gj8_,11313.0
George S. Patton,/m/0bkp9,11307.0
Nana Patekar,/m/03z_g7,11296.0
Muhammad,/m/04s9n,11255.0
Rachel McAdams,/m/0391jz,11214.0
Adam,/m/09_c5v,11195.0
Kuthiravattam Pappu,/m/02885dh,11194.0
Joseph Stalin,/m/03_lf,11164.0
Mickey Rourke,/m/02m501,11137.0
Ranjana Deshmukh,/m/03gqlbz,11067.0
Josh Duhamel,/m/0331m0,11046.0
Alec Baldwin,/m/018ygt,11000.0
Allari Naresh,/m/0267rkd,10947.0
Frank Sinatra,/m/02_fj,10938.0
Prakash Jha,/m/0fy86j,10926.0
Jennifer Garner,/m/01jfrg,10925.0
Ray Liotta,/m/02j490,10888.0
Arjun Sarja,/m/09kt30,10847.0
Shirley Temple,/m/03d9v8,10839.0
Black Dahlia,/m/028rh7,10830.0
Bob Marley,/m/0bkf4,10820.0
Kayden Kross,/m/0fxqjh,10810.0
Michael Bay,/m/02qzjj,10807.0
Harry Hill,/m/015g51,10804.0
Eva Perón,/m/0dltj,10758.0
Richard Ramirez,/m/01c47s,10747.0
Arya,/m/0c392k,10733.0
Nick Nolte,/m/0lkr7,10722.0
Steve Prefontaine,/m/0354g6,10710.0
Shakila,/m/03nr8st,10699.0
Ray Charles,/m/07s3vqk,10660.0
Maggie Smith,/m/0l6px,10651.0
Joseph Merrick,/m/014s60,10624.0
Sally Field,/m/01jw4r,10621.0
Chris Tucker,/m/01900g,10612.0
Vlad the Impaler,/m/035br4,10598.0
Kevin Durant,/m/0gxrc1,10595.0
Elizabeth Báthory,/m/0xx53,10588.0
Kajal Aggarwal,/m/03g_263,10579.0
John Abraham,/m/049m19,10546.0
Christian Slater,/m/01mqc_,10526.0
Tom Clancy,/m/07f_d,10521.0
Russell Brand,/m/06crng,10513.0
Ronald Reagan,/m/06c0j,10459.0
Karla Homolka,/m/0386fj,10453.0
David Lynch,/m/026dx,10450.0
Steve Coogan,/m/01nfys,10433.0
Rebel Wilson,/m/0h7h0w,10427.0
Kim Peek,/m/039dys,10402.0
Burzynski Clinic,/m/03zpl6,10395.0
Tom Selleck,/m/01pj3h,10371.0
Priya Rai,/m/06zmg1f,10355.0
James Randi,/m/044st,10284.0
Nikki Sexx,/m/0dlv9h2,10278.0
Paul Potts,/m/02rptl7,10256.0
Deepika Padukone,/m/09k68f,10241.0
Jaggesh,/m/08fc_r,10240.0
Humphrey Bogart,/m/03n6r,10238.0
Kirsten Dunst,/m/04fzk,10222.0
Rani Mukerji,/m/01zp33,10113.0
Al Capone,/m/014gr,10090.0
Chris Pine,/m/0c6g1l,10054.0
Balakrishna Nandamuri,/m/06t5x_,10047.0
Howard Hughes,/m/03n93,10009.0
Eva Mendes,/m/03_x5t,9985.0
Michael J. Fox,/m/0hz_1,9949.0
Chris Brown,/m/07ss8_,9935.0
Helen Hunt,/m/0c4f4,9933.0
Ara Mina,/m/02rzlb8,9900.0
Sara Jay,/m/085rhp,9873.0
Lars Ulrich,/m/020hh3,9834.0
Kenya Moore,/m/08cpnf,9764.0
Prakash Raj,/m/09tqx3,9705.0
Fantasia,/m/01rj4bk,9674.0
Ian Somerhalder,/m/044mvs,9664.0
Pedro Almodóvar,/m/0d77m9,9657.0
Nikola Tesla,/m/05d1y,9632.0
Marc Dorcel,/m/0krsl_,9630.0
Colin Firth,/m/03f1zdw,9623.0
Raaj Kumar,/m/02n5b3,9612.0
Demi Lovato,/m/02wb6yq,9612.0
Jeet,/m/04lj2_b,9567.0
Mike Myers,/m/0p__8,9555.0
John Grisham,/m/0gs5q,9510.0
Grace Kelly,/m/0bq1z,9508.0
Billy Bob Thornton,/m/01fh9,9507.0
Kevin Smith,/m/0gd9k,9500.0
Adel Emam,/m/04tzq_,9497.0
Daniel Day-Lewis,/m/016yvw,9414.0
Ron Jeremy,/m/0d0l91,9357.0
Whitney Houston,/m/086qd,9342.0
Judi Dench,/m/0lpjn,9338.0
Saori Hara,/m/0cz9s7m,9337.0
Paan Singh Tomar,/m/0j67f0h,9334.0
Napoleon Bonaparte,/m/0j5b8,9321.0
Forest Whitaker,/m/02y_2y,9316.0
Rock Hudson,/m/015dcj,9315.0
Michael Keaton,/m/01j5ws,9312.0
Henry Cavill,/m/070c9h,9305.0
Mike Tyson,/m/09qvs,9273.0
Ned Kelly,/m/014pyb,9259.0
J.J. Abrams,/m/01xndd,9251.0
Ruby Bridges,/m/04b1kb,9225.0
Corbin Bleu,/m/09nhvw,9198.0
Franklin D. Roosevelt,/m/02yy8,9129.0
Dave Christiano,/m/09gh949,9129.0
Chevy Chase,/m/0p_jc,9082.0
Faye Reagan,/m/04n3skk,9076.0
Robert Trujillo,/m/02t426,9045.0
Mandy Moore,/m/01_ztw,9016.0
Ben Drew,/m/09rqnv,9005.0
Jackson Pollock,/m/04510,8979.0
Richard Pryor,/m/01hmk9,8964.0
Sinbad,/m/01rrxr,8962.0
Saif Ali Khan,/m/05g3ss,8957.0
Jerry Lewis,/m/0427y,8879.0
Leon Robinson,/m/056b0_,8835.0
Bobby Deol,/m/040wdl,8826.0
Raj Kapoor,/m/021j72,8795.0
Milla Jovovich,/m/0151ns,8761.0
H. P. Lovecraft,/m/03j0d,8760.0
William Walker,/m/01yz1t,8760.0
Padmarajan,/m/02g092,8724.0
M. G. Ramachandran,/m/02dk8v,8708.0
Giacomo Casanova,/m/01hpx1,8699.0
Angela Davis,/m/0cz_y,8684.0
Zach Galifianakis,/m/02_0d2,8683.0
Miranda Hart,/m/0cdys8,8673.0
Mario Maurer,/m/03h1j31,8669.0
Vikram,/m/025tcjg,8669.0
Randy Orton,/m/0312n_,8629.0
K. Balachander,/m/03hzkq,8628.0
Sylvia Plath,/m/073bb,8591.0
Jimi Hendrix,/m/01vsy3q,8586.0
Taylor Swift,/m/0dl567,8585.0
Gianna Michaels,/m/0czcdd,8564.0
LeBron James,/m/01jz6d,8547.0
Danielle Steel,/m/0gs66,8532.0
Glenn Close,/m/0c3p7,8513.0
Miyabi Natsuyaki,/m/01vv266,8478.0
Divya Bharti,/m/07_3kh,8443.0
Wild Bill Hickok,/m/0213tv,8441.0
Jayam Ravi,/m/08mr3p,8371.0
Srinu Vaitla,/m/03d7c5t,8264.0
Johnny Knoxville,/m/020l9r,8260.0
Attila the Hun,/m/0k26,8259.0
Molly Ringwald,/m/01wq0_s,8253.0
Michael Cera,/m/03q3sy,8247.0
Max Hardcore,/m/04hvn9,8239.0
Stephen Chow,/m/02mz_6,8237.0
Kim Hyun-joong,/m/04gqjyg,8209.0
Bleu,/m/0263why,8200.0
Kim Kardashian,/m/0261x8t,8194.0
Cyrus the Great,/m/03d0c1,8181.0
Paul Bernardo,/m/01j4ld,8181.0
Jenny McCarthy,/m/02t_99,8158.0
Queen Victoria,/m/0cw10,8147.0
Jennifer Connelly,/m/0fgg4,8124.0
Sivaji Ganesan,/m/03hz1n,8065.0
Sofia Coppola,/m/01_f_5,8031.0
Steve Perry,/m/01z039,8026.0
Alison Angel,/m/04jfd6x,8018.0
Ron Howard,/m/0g2lq,8012.0
Baz Luhrmann,/m/013tcv,7994.0
Riley Steele,/m/06w49df,7965.0
Alfred Kinsey,/m/09d7b,7947.0
Sarah Jessica Parker,/m/0m66w,7937.0
Marlon Brando,/m/04__f,7911.0
Winona Ryder,/m/086sj,7910.0
Karthi,/m/0263_3w,7891.0
Darshan,/m/02qc_yc,7887.0
Jennifer Grey,/m/032cfy,7879.0
Thomas Edison,/m/07bty,7849.0
Usher,/m/01trhmt,7849.0
Siddharth,/m/0b550c,7827.0
Simon Pegg,/m/012x2b,7821.0
Sai Baba of Shirdi,/m/0127t5,7818.0
Bree Olson,/m/03h02hg,7817.0
Ben Carson,/m/03znkl,7813.0
Gypsy Rose Lee,/m/0191ym,7810.0
Yash Chopra,/m/03fw4y,7808.0
Daniel Handler,/m/0kp2_,7807.0
Antwone Fisher,/m/0krcvw,7804.0
Jon Voight,/m/046qq,7803.0
Seema,/m/026xr4r,7791.0
George Best,/m/0272t9,7770.0
Rich Mullins,/m/0n7z6,7756.0
Ed Gein,/m/0jdb3,7748.0
James Hunt,/m/01q7c7,7716.0
Cliff Young,/m/025_s39,7706.0
Albert Brooks,/m/013cr,7701.0
Iwan Rheon,/m/09gf_v_,7691.0
Dev Anand,/m/0239zv,7601.0
Patrick Dempsey,/m/034x61,7590.0
Russ Meyer,/m/018ty9,7587.0
Bob Dylan,/m/01vrncs,7582.0
Julia Stiles,/m/02jtjz,7573.0
Chitrangada Singh,/m/0chjyv,7573.0
John Carpenter,/m/0dr5y,7568.0
Donald Sutherland,/m/0ywqc,7568.0
George A. Romero,/m/01_k1z,7551.0
Jesse James,/m/02khkd,7537.0
Kimber James,/m/09v7m0w,7529.0
Jennifer Love Hewitt,/m/01pgk0,7522.0
Julia Ann,/m/051grn,7513.0
Erika Lust,/m/043qy5x,7500.0
Gregory Peck,/m/0k9j_,7498.0
Kim Basinger,/m/01d0fp,7491.0
Rajendra Prasad,/m/025xz2b,7488.0
List of accolades received by Allie Haze,/m/0gtvv9f,7481.0
Joseph Gordon-Levitt,/m/05zbm4,7430.0
T.I.,/m/03f7lp0,7429.0
Natascha Kampusch,/m/0gg78_,7425.0
Pamela Anderson,/m/05r5w,7406.0
Óscar Romero,/m/0hf41,7382.0
Sidney Poitier,/m/0cgzj,7377.0
Richard Dreyfuss,/m/01520h,7365.0
Gordie Howe,/m/011qm2,7359.0
Kate Beckinsale,/m/01pk8v,7355.0
Rihanna,/m/06mt91,7279.0
Kerry Washington,/m/07myb2,7268.0
Liv Tyler,/m/01rh0w,7257.0
Shannon Tweed,/m/03d2zk,7250.0
Ameri Ichinose,/m/0ndwrlb,7250.0
Meek Mill,/m/0gkzp28,7213.0
Michael Moore,/m/0jw67,7201.0
Troy Donahue,/m/068bds,7199.0
Rishi Kapoor,/m/03f02ct,7188.0
Kelly Divine,/m/0ncct61,7183.0
Dominique Strauss-Kahn,/m/05m2sm,7182.0
Martin Sheen,/m/0hvb2,7168.0
Jayden Jaymes,/m/09g81xb,7160.0
Goldie Hawn,/m/0cwtm,7154.0
Abhishek Bachchan,/m/02wyc0,7153.0
Guy Pearce,/m/0184jc,7142.0
Carlos the Jackal,/m/0174z2,7120.0
Tobey Maguire,/m/015pkc,7118.0
Stoya,/m/04z_2jv,7112.0
Slash,/m/01vv6_6,7109.0
Jeremy Irons,/m/016ywr,7101.0
Douglas MacArthur,/m/0c_jc,7099.0
Tim Allen,/m/019vgs,7090.0
Clara Morgane,/m/03f7lcj,7079.0
Sivaji,/m/0fqn1t5,7058.0
Anna Faris,/m/01pk3z,7029.0
Chris Kyle,/m/0hzrl7z,7026.0
Agatha Christie,/m/0ldd,7022.0
Kevin Kline,/m/01gbn6,7013.0
Esther,/m/02pn7,7011.0
Pink,/m/01vrt_c,6996.0
Terry Pratchett,/m/07d3x,6993.0
Aaliyah,/m/0x3n,6988.0
Brittany Murphy,/m/0168dy,6978.0
John Goodman,/m/01nm3s,6973.0
Harmony Korine,/m/03jygk,6955.0
Rekha,/m/06wvfq,6948.0
Larry Fine,/m/02t0n9,6944.0
Peter Sellers,/m/063_t,6940.0
Nora Roberts,/m/049m0l,6935.0
Sridevi Kapoor,/m/067jsf,6934.0
Jaime Escalante,/m/0197gg,6932.0
Kirk Douglas,/m/0j582,6928.0
Julianne Hough,/m/049h3h6,6927.0
Chris Hemsworth,/m/04jnqj,6918.0
Daniel Radcliffe,/m/013_vh,6917.0
Ed Harris,/m/017149,6908.0
Adolphe Sax,/m/013xf,6908.0
John Malkovich,/m/017r13,6881.0
Priscilla Almeda,/m/0gsyr2s,6870.0
Karthik,/m/09t6j_,6861.0
Emma Roberts,/m/0517bc,6821.0
Sherlyn Chopra,/m/05p5_gg,6805.0
Kobe Bryant,/m/01kmd4,6795.0
Shane McConkey,/m/02pvn79,6781.0
Ty Cobb,/m/07s1h,6772.0
Melanie Griffith,/m/02g0rb,6770.0
Seann William Scott,/m/03n08b,6764.0
Elizabeth Taylor,/m/0bmh4,6758.0
Clive Owen,/m/03v3xp,6734.0
Ed Wood,/m/02vt5,6724.0
Rob Schneider,/m/01fyzy,6722.0
Matt Dillon,/m/026r8q,6721.0
Meagan Good,/m/01xg_w,6711.0
Akira Kurosawa,/m/0kft,6699.0
Karisma Kapoor,/m/02ctyy,6679.0
Robert Roy MacGregor,/m/02_pyt,6673.0
Charlton Heston,/m/0chsq,6672.0
Jimmy Hoffa,/m/01lx0r,6672.0
Kanchana,/m/03wf24f,6660.0
Nay Toe,/m/0gy0zz4,6656.0
London Andrews,/m/0k27xh2,6639.0
Calamity Jane,/m/01fg_t,6635.0
Mani Ratnam,/m/01ggbx,6634.0
Terrence Howard,/m/06g2d1,6633.0
Dan Aykroyd,/m/0d608,6613.0
Jeremy Renner,/m/0blq0z,6587.0
Naomi Watts,/m/01xcfy,6580.0
Bruce Springsteen,/m/0gcs9,6578.0
Prithviraj Sukumaran,/m/0cqcgj,6548.0
Aditya Roy Kapur,/m/0ds2ftp,6548.0
Christina Ricci,/m/01fx2g,6535.0
Tina Turner,/m/01vwyqp,6523.0
Dave Franco,/m/07kbvrr,6520.0
Jason Segel,/m/06q5t7,6519.0
Kathy Bates,/m/02kxwk,6514.0
Amelia Earhart,/m/0lngf,6514.0
Tina Fey,/m/0pz7h,6486.0
Jamie Lee Curtis,/m/0hwqz,6486.0
Tera Patrick,/m/0125fd,6482.0
Jaden Smith,/m/0271y9f,6482.0
Camilla Belle,/m/06n3md,6471.0
Larry David,/m/0q9zc,6424.0
Jeetendra,/m/043cl9,6418.0
"Harry Connick, Jr.",/m/03kts,6413.0
Gary Cooper,/m/0c2tf,6402.0
Jared Leto,/m/02fybl,6379.0
Sam Elliott,/m/06m6p7,6376.0
Edgar Allan Poe,/m/02lt8,6375.0
Geoffrey Sax,/m/03rkc6,6368.0
Bibi Jones,/m/0hznf_y,6368.0
Elizabeth Banks,/m/0716t2,6351.0
Nicki Minaj,/m/047sxrj,6345.0
Danny Glover,/m/0205dx,6320.0
Nadya Suleman,/m/05m_zll,6307.0
Preity Zinta,/m/025p38,6295.0
Dave Grohl,/m/0285c,6270.0
Philip Seymour Hoffman,/m/02qgqt,6250.0
Brigitte Lahaie,/m/03gxhx,6249.0
Emmett Till,/m/027lm7,6245.0
Jayaram,/m/075p0r,6244.0
Louis Zamperini,/m/07kyqq,6243.0
Vanessa Hudgens,/m/09h4b5,6237.0
Rob Lowe,/m/01ggc9,6233.0
Kristen Bell,/m/04qt29,6220.0
Jane Fonda,/m/0h1mt,6205.0
Samantha Ruth Prabhu,/m/0807ht1,6199.0
Marquis de Sade,/m/02flz,6193.0
Michael Herbig,/m/03k60f,6185.0
Renée Zellweger,/m/01c_zw,6182.0
H. H. Holmes,/m/01znwy,6149.0
Ray Allen,/m/03lh3v,6140.0
Francis of Assisi,/m/032p8,6061.0
Marisa Tomei,/m/01g257,6059.0
Hitomi Tanaka,/m/09gb5w_,6046.0
Jada Stevens,/m/0j4_tjq,6038.0
Katharine Hepburn,/m/0bw87,6021.0
Paul the Apostle,/m/060nc,6018.0
Danny Dyer,/m/065j4h,6016.0
Hunter S. Thompson,/m/03qcq,6016.0
Elijah Wood,/m/015t56,6010.0
Emily Blunt,/m/04205z,6006.0
Katie Holmes,/m/0bbf1f,6001.0
Irrfan Khan,/m/03m3nzf,5999.0
Tulsi Ramsay,/m/0g9h_y7,5985.0
Isis Taylor,/m/09sljd8,5977.0
Sher Afghan Quli Khan,/m/0b1r8l,5947.0
Brandon Burlsworth,/m/0fr2wy,5922.0
Ashlynn Brooke,/m/03h3j_v,5905.0
Cate Blanchett,/m/0154qm,5870.0
Griselda Blanco,/m/026ftzs,5863.0
El Cid,/m/02r0r,5858.0
Alanah Rae,/m/091d4b4,5847.0
Trivikram Srinivas,/m/0f3cw4,5841.0
Guillermo del Toro,/m/063b4k,5840.0
Nina Hartley,/m/01qmst,5834.0
Ginger Baker,/m/015pt7,5808.0
Anushka Shetty,/m/0gxv6n,5808.0
Aishwarya R. Dhanush,/m/04gjm3v,5805.0
Stevie Nicks,/m/094xh,5798.0
Tyler Posey,/m/02z3z92,5798.0
Nitin,/m/0g83_v,5796.0
Rajpal Yadav,/m/05qtcv,5793.0
Joseph in Islam,/m/024hxl,5788.0
Vincent Price,/m/013sg6,5787.0
Oprah Winfrey,/m/0grwj,5783.0
Imran Khan,/m/043nt7h,5774.0
Idi Amin,/m/0jb54,5765.0
Hayden Panettiere,/m/02jyhv,5750.0
J. D. Salinger,/m/041_y,5737.0
Michael Jai White,/m/08zr14,5733.0
Julian Assange,/m/0b6k2_z,5728.0
Buck Brannaman,/m/0gmtfs,5724.0
V. Ravichandran,/m/02prw88,5712.0
Dileep,/m/04m_kpx,5709.0
Billy the Kid,/m/013s1b,5703.0
Anushka Sharma,/m/04lgc34,5698.0
Leonardo da Vinci,/m/04lg6,5695.0
Richard Dean Anderson,/m/01mz0x,5692.0
Gene Wilder,/m/027l0b,5689.0
Kat Dennings,/m/0b0kzw,5684.0
Andy Warhol,/m/0kc6,5679.0
Dane Cook,/m/03g5_y,5677.0
Andy Lau,/m/01t2h2,5666.0
Jean-Michel Basquiat,/m/041st,5664.0
Gary Ridgway,/m/01q9rc,5662.0
Gary Oldman,/m/01f6zc,5652.0
Rosanna Roces,/m/02wwrzs,5646.0
Joan Crawford,/m/0cgbf,5634.0
Sigourney Weaver,/m/0h96g,5622.0
Hans Zimmer,/m/0150t6,5620.0
Gérard Depardieu,/m/0c9hm,5618.0
Hank Williams,/m/015qh4,5610.0
Shruti Haasan,/m/03gy1rp,5605.0
Henry V of England,/m/0cd17,5591.0
Suresh Gopi,/m/05j12n,5591.0
Uma Thurman,/m/0kjrx,5590.0
Mercy Johnson,/m/0gtt0d0,5590.0
Ray Winstone,/m/02yxwd,5581.0
Orlando Bloom,/m/09wj5,5563.0
Tim Robbins,/m/01nr36,5562.0
Andy García,/m/01yhd1,5548.0
Manfred von Richthofen,/m/0lg48,5546.0
Matthew Broderick,/m/01vlj1g,5533.0
Blake Lively,/m/06_bq1,5529.0
Ritwik Ghatak,/m/04zjzx,5514.0
"Mary, Queen of Scots",/m/055l1,5503.0
Kagney Linn Karter,/m/09v96ck,5495.0
Kiefer Sutherland,/m/01rzqj,5491.0
Laurence Olivier,/m/0byfz,5476.0
DMX,/m/01vvzb1,5469.0
Clark Gable,/m/0bkmf,5467.0
Ini Edo,/m/02r28h9,5466.0
Kate Upton,/m/0gg8zn1,5456.0
Dilip Kumar,/m/023sng,5453.0
Sibel Kekilli,/m/02h53l,5452.0
R. Sarathkumar,/m/09k3dk,5451.0
Shaquille O'Neal,/m/012xdf,5445.0
Emilio Estevez,/m/01z7s_,5436.0
Jiiva,/m/0j46lfy,5432.0
Chris Farley,/m/012801,5421.0
Dada Kondke,/m/0frcdw,5407.0
Audrey Bitoni,/m/03nw0h2,5407.0
Danny DeVito,/m/0q9kd,5402.0
Francis Ford Coppola,/m/02vyw,5399.0
Ariana Grande,/m/09gkdy4,5399.0
Niki Lauda,/m/0b2rd,5392.0
Rain,/m/01wfx7x,5390.0
Sophia Loren,/m/01qq_lp,5389.0
Sophie Dee,/m/04zyp2_,5387.0
John Dillinger,/m/0bkpt,5384.0
Ice-T,/m/03sww,5369.0
Prashanth,/m/05mgpn,5364.0
Viggo Mortensen,/m/01ps2h8,5356.0
Zoe Saldana,/m/05qg6g,5341.0
Federico Fellini,/m/033rq,5337.0
Prabhu Deva,/m/0bby5f,5334.0
Brian May,/m/0bkg4,5334.0
Henry VIII of England,/m/03p77,5333.0
Glenn Ford,/m/02_01w,5332.0
Mario Salieri,/m/04kp_b,5320.0
Geronimo,/m/01gclr,5317.0
Uday Kiran,/m/027677_,5304.0
William Hurt,/m/016khd,5302.0
Joseph,/m/0197d5,5301.0
"Hank Williams, Jr.",/m/016j2t,5301.0
Richard III of England,/m/06k3g,5295.0
Ramarajan,/m/0h1sgs,5284.0
Chris Evans,/m/058s44,5279.0
Olivia Wilde,/m/04x1_w,5273.0
Bong Revilla,/m/0273ytd,5253.0
Maurice Richard,/m/0k83v,5248.0
Danny Boyle,/m/0qf43,5245.0
Lionel Messi,/m/06qjgc,5239.0
John Waters,/m/02yy_j,5229.0
Ethan Coen,/m/02kxbwx,5226.0
Marcus Luttrell,/m/02rwyy8,5220.0
Ralph Fiennes,/m/0170qf,5219.0
Kevin James,/m/03xb2w,5198.0
Dylan O'Brien,/m/0gw_yr3,5194.0
Peter North,/m/02shhg,5193.0
Veena Malik,/m/0g_1mq,5189.0
Jada Pinkett Smith,/m/01j7z7,5178.0
Karan Johar,/m/03wpmd,5175.0
Oliver Stone,/m/05kfs,5167.0
Anna Paquin,/m/01pcq3,5150.0
James J. Braddock,/m/034q4d,5149.0
Laurence Fishburne,/m/014gf8,5145.0
Loretta Lynn,/m/017xm3,5141.0
Thomas Becket,/m/098lc,5140.0
Paoli Dam,/m/0bmf76t,5126.0
Alan Rickman,/m/09y20,5125.0
Nani,/m/0ggb1dp,5119.0
Luke Wilson,/m/030vnj,5100.0
Rudy Fernandez,/m/03nngbx,5083.0
Minnie Driver,/m/01fwj8,5077.0
Sathya Sai Baba,/m/0127tk,5075.0
Nicholas Hoult,/m/06tjh6,5050.0
Orson Welles,/m/05kh_,5039.0
Silambarasan,/m/09jn9t,5037.0
Arjun Rampal,/m/03t8v3,5027.0
Tim Curry,/m/07rzf,5018.0
Yuma Asami,/m/04n62wy,5013.0
Shirley MacLaine,/m/01w1kyf,5012.0
Vivek Oberoi,/m/03w7jt,5009.0
Silk Smitha,/m/07hzpc,5006.0
Kelly Brook,/m/02_8cx,4992.0
Ted Danson,/m/01ft2l,4985.0
Christina Aguilera,/m/0127s7,4978.0
Martin Short,/m/01trf3,4962.0
Makarand Anaspure,/m/05szmb6,4959.0
Ashley Tisdale,/m/06tp4h,4957.0
Vanessa del Rio,/m/01s4jq,4947.0
Buddy Holly,/m/01vs_yt,4943.0
Liliana Queiroz,/m/0b201_,4936.0
Sean Casey,/m/0ch29k3,4936.0
Kris Kristofferson,/m/016h4r,4920.0
Shaan,/m/01wtn7j,4920.0
Dewi Persik,/m/0h64q2f,4913.0
Dennis Hopper,/m/02fn5,4910.0
Tyrese Gibson,/m/01l1b90,4909.0
Uttam Kumar,/m/073dmy,4893.0
Benicio del Toro,/m/01qscs,4893.0
Liam Hemsworth,/m/04yd0fh,4892.0
Albert Einstein,/m/0jcx,4892.0
Miyavi,/m/01qkwf8,4886.0
Katie Morgan,/m/0b0hk1,4886.0
Shalini Kumar,/m/08jn6t,4881.0
Kid Koala,/m/01hv1y,4881.0
Brittany Snow,/m/03yrkt,4877.0
Lucy Hale,/m/0754d6,4875.0
Anurag Kashyap,/m/0285xqh,4869.0
Brian Wilson,/m/0kzy0,4832.0
Natalie Wood,/m/0k8y7,4818.0
Natalee Holloway,/m/0cmxws,4817.0
Bill W.,/m/01wxrv,4803.0
Julius Caesar,/m/041wm,4799.0
Ram Gopal Varma,/m/04fkg4,4798.0
Shraddha Kapoor,/m/0640sdy,4789.0
David Abraham Cheulkar,/m/0ggxly,4788.0
Alan Turing,/m/0n00,4783.0
Lito Lapid,/m/0273yk4,4783.0
Poonam Pandey,/m/0gkx86q,4778.0
Milkha Singh,/m/07gdv2,4770.0
Jeev Milkha Singh,/m/05ggvd,4769.0
Pina Bausch,/m/073ccw,4769.0
Jennifer White,/m/0dcpp2_,4767.0
Vanilla Ice,/m/01vxqyl,4763.0
Anoop Menon,/m/05f756d,4746.0
Isla Fisher,/m/037tyq,4738.0
Tusshar Kapoor,/m/03t8sd,4731.0
Christopher Columbus,/m/01pwz,4729.0
Lizzie Borden,/m/01ffz4,4728.0
Harishchandra,/m/020lx5,4705.0
Salvador Dalí,/m/09_xn,4703.0
Henry Fonda,/m/0cj8x,4693.0
Van Vicker,/m/02pw7c9,4692.0
