name,mid,weight
Prednisolone,/m/02yzx9,463695.0
Sertraline,/m/0136_g,415650.0
Escitalopram,/m/01clpj,356440.0
Metformin,/m/01lmkt,341275.0
Citalopram,/m/01clq8,307279.0
Fluoxetine,/m/0bqx0,302294.0
Bupropion,/m/0219j5,300450.0
Levothyroxine,/m/05h3j6,284462.0
Gabapentin,/m/02fvfb,281901.0
Amphetamine,/m/0_0j,276828.0
Duloxetine,/m/02qr8l,258699.0
Tramadol,/m/01l6z8,255882.0
Amoxicillin/clavulanic acid,/m/03xp6d,252464.0
Amoxicillin,/m/011z0,244395.0
Oxycodone,/m/05q1y,232208.0
Lisinopril,/m/04nl71,224698.0
Hydrocodone,/m/03r3h,220868.0
Doxycycline,/m/030md9,214657.0
Levonorgestrel,/m/031zs3,214385.0
Omeprazole,/m/02gbr5,211597.0
Atorvastatin,/m/02y_rs,210051.0
Metronidazole,/m/01trbt,204776.0
Melatonin,/m/01pxjm,201983.0
Oxycodone/Acetaminophen,/m/0hqw8pq,197234.0
Venlafaxine,/m/02k_rw,196817.0
Naproxen,/m/02hx9d,183127.0
Alprazolam,/m/01k9cw,182226.0
Cannabis,/m/054yc0,180373.0
Zolpidem,/m/01_2s3,171395.0
Phentermine,/m/04nyn1,170183.0
Pregabalin,/m/06yvct,168501.0
Simvastatin,/m/02z428,165048.0
Cetirizine,/m/03t7zn,163050.0
Biotin,/m/0f4ml,162108.0
Sildenafil,/m/07_71,159915.0
Sulfamethoxazole/Trimethoprim,/m/0hqvh78,158172.0
MDMA,/m/02qpq,156701.0
Progesterone,/m/0hk9b,156376.0
Ciprofloxacin,/m/01zfw,149341.0
Topiramate,/m/01qb88,147047.0
Methylphenidate,/m/01d65r,141931.0
Amlodipine,/m/02_0mv,141797.0
Lamotrigine,/m/01zww4,141767.0
Azithromycin,/m/032n3z,134589.0
Hydrocodone/Acetaminophen,/m/04kd1h6,133227.0
Loratadine,/m/025s3l,129152.0
Amitriptyline,/m/02sff3,127634.0
Pseudoephedrine/loratadine,/m/0bmgbll,124204.0
Metoprolol,/m/03g21c,124096.0
Warfarin,/m/01jjmt,123930.0
Paroxetine,/m/0x8qr,123374.0
Ibuprofen,/m/014d3g,123326.0
Aripiprazole,/m/01t6t2,119424.0
Cefalexin,/m/04mdzq,119231.0
Lorazepam,/m/01kcsd,118866.0
Esomeprazole,/m/039ztp,116629.0
Glucocorticoid,/m/02m440,115310.0
Rosuvastatin,/m/02z705,112584.0
HPV vaccine,/m/094j5f,112030.0
Varenicline,/m/0d2_s8,108158.0
Paracetamol,/m/0lbt3,106623.0
Lithium,/m/0d_wbd,105925.0
Clonazepam,/m/035wxl,102149.0
Quetiapine,/m/019bj7,101630.0
Methotrexate,/m/01q2jc,101497.0
Morphine,/m/055pr,99718.0
Diphenhydramine,/m/0256qn,98681.0
Meloxicam,/m/05dgkw,98492.0
Propranolol,/m/019dfq,96824.0
Clomifene,/m/044r6z,96693.0
Risperidone,/m/019bht,96418.0
Diazepam,/m/01j3v_,94959.0
Montelukast,/m/04_ftl,94160.0
Testosterone,/m/07m9q,93971.0
Mirtazapine,/m/02lts4,92790.0
Trazodone,/m/073zsk,91982.0
Ranitidine,/m/04nl3c,91041.0
Fexofenadine,/m/03vtmt,90517.0
Fluticasone propionate,/m/05c5zss,89237.0
Cocaine,/m/0256b,89233.0
Salbutamol,/m/02ck8_,87330.0
Levetiracetam,/m/032vys,85476.0
Minoxidil,/m/027hm4,84456.0
Growth hormone,/m/017b40,84238.0
MMR vaccine,/m/0j0h0,83901.0
Aspirin,/m/0qkc,83780.0
Lithium carbonate,/m/04mr4,83633.0
Spironolactone,/m/036mpc,83119.0
Celecoxib,/m/02_frj,82971.0
Medical cannabis,/m/017r31,82596.0
Minocycline,/m/01k_w2,80901.0
Botulinum toxin,/m/0b09g,78943.0
Losartan,/m/072klj,78879.0
Lisdexamfetamine,/m/02pp41h,78381.0
Hydrochlorothiazide/Lisinopril,/m/0hqvxsj,77504.0
Valaciclovir,/m/04mt8t,77157.0
Valproate semisodium,/m/09ng_k,76772.0
Estradiol,/m/01h2ty,76748.0
Caffeine,/m/01_7l,76295.0
Niacin,/m/09gvd,75950.0
Tamsulosin,/m/08f4cp,74768.0
Levofloxacin,/m/02mx2z,74586.0
Atenolol,/m/034yzx,73531.0
Hydrochlorothiazide,/m/02nsfz,71212.0
Cyclobenzaprine,/m/03qzr5,71211.0
Clindamycin,/m/02z4qr,70730.0
Methamphetamine,/m/0gt5b,70709.0
Ondansetron,/m/04b72x,70406.0
Desvenlafaxine,/m/0dhxy2,69559.0
Methylprednisolone,/m/05zwj8,69136.0
Fluconazole,/m/03dwr5,69032.0
Crack cocaine,/m/02p0t8t,68739.0
Phenoxymethylpenicillin,/m/057xmsn,68384.0
Furosemide,/m/02fb0h,66726.0
Nitrofurantoin,/m/03554j,66608.0
Losartan/hydrochlorothiazide,/m/0gls0fd,64645.0
Buspirone,/m/03h4bl,64070.0
Buprenorphine,/m/03brks,63396.0
Pantoprazole,/m/02_kw5,62826.0
Penicillin,/m/05t37,61840.0
Gardasil,/m/0dnv87,61309.0
Diclofenac,/m/01_94h,60511.0
Acetylcarnitine,/m/0dqls0,60230.0
Methadone,/m/058gq,59486.0
Guaifenesin,/m/03pnl6,59161.0
Prednisone,/m/02m3m3,58543.0
Drospirenone,/m/07dgdw,58241.0
Co-codamol,/m/04g6dm,58203.0
Lansoprazole,/m/050jb1,57340.0
Magnesium sulfate,/m/01kmqg,56355.0
Magnesium citrate,/m/02853qk,55282.0
Isotretinoin,/m/01hgfy,54917.0
Codeine,/m/0256v,54884.0
Ramipril,/m/04nl9p,54559.0
Olanzapine,/m/019bkd,53999.0
Leuprorelin,/m/04trb9,53429.0
Folic acid,/m/02kb_jm,52695.0
Clarithromycin,/m/019gn6,51612.0
Aciclovir,/m/02xbjr,51546.0
Phenytoin,/m/0cyvn,51063.0
Finasteride,/m/04lr99,51040.0
Dexamethasone,/m/01x1z5,50933.0
Haloperidol,/m/0199v_,50012.0
Terbinafine,/m/048xtq,49685.0
Pravastatin,/m/02z8br,49479.0
Carbamazepine,/m/01_y8,49327.0
Clonidine,/m/02pqvm,48276.0
Vilazodone,/m/04gm573,47854.0
Hydroxychloroquine,/m/071ws0,47714.0
Oxandrolone,/m/07p03s,47338.0
Fluticasone/salmeterol,/m/03gl20,47272.0
Metoclopramide,/m/021xx2,45615.0
Nebivolol,/m/0dmbws,45604.0
Phenylephrine,/m/04rs40,42940.0
Magnesium,/m/025s0s0,42899.0
Donepezil,/m/036g18,42693.0
Hydroxyzine,/m/036pyy,42566.0
Modafinil,/m/0569z,42557.0
Zostavax,/m/026sj1y,42014.0
Clenbuterol,/m/09fgtl,41935.0
Alendronic acid,/m/03x8l5,41885.0
Insulin,/m/03vf7,41818.0
Synthetic cannabis,/m/0h2pbg,41609.0
Mesalazine,/m/046yrb,41351.0
Baclofen,/m/04bn3l,41148.0
Allopurinol,/m/01ls3h,41128.0
Infliximab,/m/01vzrk,40290.0
Adalimumab,/m/05_9rs,40129.0
Letrozole,/m/08924w,39895.0
Sumatriptan,/m/02v5rk,39606.0
Carvedilol,/m/09dxd7,38963.0
Glucosamine,/m/03chzj,38848.0
Hepatitis B vaccine,/m/02z0_x8,38795.0
Olmesartan,/m/08szd6,38508.0
Azathioprine,/m/02jctp,38201.0
Rivaroxaban,/m/09g6_4,37873.0
Domperidone,/m/03tz4x,37864.0
Anastrozole,/m/01x1vx,37836.0
Enoxaparin sodium,/m/07662c,37487.0
Amiodarone,/m/0308wb,36753.0
Mometasone furoate,/m/0f421k,36281.0
Promethazine,/m/03xm_b,36228.0
Lysergic acid diethylamide,/m/04g9r,36187.0
Valsartan,/m/079bqt,36082.0
Dexlansoprazole,/m/05p4nxj,35663.0
Methandrostenolone,/m/088cv2,35356.0
Cortisone,/m/01c0yp,34758.0
Digoxin,/m/01xc5b,34531.0
Dehydroepiandrosterone,/m/02fr8,34323.0
Hydromorphone,/m/01v2_g,34039.0
Carbidopa/levodopa,/m/071nry,33840.0
Erythromycin,/m/02r51,33746.0
Stanozolol,/m/03bhld,33033.0
Nortriptyline,/m/05f_py,32765.0
Levodopa,/m/03nl53,32445.0
Liraglutide,/m/03qcmpw,32079.0
Influenza vaccine,/m/0416v7,31513.0
Diltiazem,/m/035www,31250.0
Arginine,/m/0h1yf,30687.0
Norethisterone,/m/0ggcqn,30392.0
Sodium valproate,/m/02_mhm,30363.0
Denosumab,/m/027v8r1,30360.0
Vancomycin,/m/012qx0,30191.0
Ezetimibe,/m/03jkvr,30036.0
Dexmethylphenidate,/m/03k54m,29973.0
Sulfamethoxazole,/m/04hd1t,29967.0
Ciclosporin,/m/013vvz,29916.0
Fenofibrate,/m/093gz5,29758.0
Atovaquone/proguanil,/m/0g9xtnk,29274.0
Famotidine,/m/035xrr,28990.0
Budesonide/formoterol,/m/04ntjd,28745.0
ACE inhibitor,/m/0110z,28558.0
Etanercept,/m/036lyn,28511.0
Eszopiclone,/m/0584k9,28026.0
Paclitaxel,/m/095yw,27953.0
Clopidogrel,/m/02svfj,27833.0
Cefdinir,/m/0c03n4,27554.0
Desogestrel,/m/07dgdj,27210.0
Hepatitis A vaccine,/m/02z0_zb,26658.0
Hydrocortisone,/m/01xf7l,26624.0
Nifedipine,/m/035bjg,26581.0
Loperamide,/m/01qydv,26044.0
Fentanyl,/m/011w3r,26025.0
Guanfacine,/m/0bb1dq,25963.0
Ethinyl estradiol,/m/07bxpf,25914.0
Oxcarbazepine,/m/025gxv,25749.0
Nicotine,/m/09jrx,25627.0
Oxytocin,/m/01gfsk,25244.0
Verapamil,/m/02lmsl,24802.0
Rituximab,/m/04k6q7,24587.0
Heparin,/m/01jjpv,24582.0
Ziprasidone,/m/019bjn,24493.0
Clozapine,/m/0b_th,24397.0
Heroin,/m/03n5b,24352.0
Ketorolac,/m/05l5j6,24319.0
Bisoprolol,/m/0994n3,24101.0
Dicycloverine,/m/0380b5,24033.0
Zopiclone,/m/04649f,23613.0
Varicella vaccine,/m/027ck3s,23492.0
Armodafinil,/m/09cg_d,23296.0
Valproic acid,/m/0fv82,23289.0
Magnesium oxide,/m/015jzg,23049.0
Hyaluronan,/m/04ldlf,23022.0
Trastuzumab,/m/02wscw,22977.0
Methocarbamol,/m/06k98p,22843.0
Misoprostol,/m/02n5vw,22802.0
Moxifloxacin,/m/098_pc,22707.0
Flucloxacillin,/m/08_5jm,22509.0
Mycophenolate mofetil,/m/08097bk,22453.0
Zoledronic acid,/m/060lkb,22398.0
Meclozine,/m/05_w05,22361.0
Methimazole,/m/08n1pq,22293.0
Mycophenolic acid,/m/02m3dm,22100.0
Sitagliptin,/m/0dk8qr,22046.0
Scopolamine,/m/075pc,22008.0
Ascorbic acid,/m/0y44,21922.0
Trenbolone,/m/08f8rq,21916.0
Ropinirole,/m/07gn0l,21775.0
Trimethoprim,/m/0pz9x,21766.0
Meningococcal vaccine,/m/05b6bt0,21661.0
Follicle-stimulating hormone,/m/01vthh,21652.0
Memantine,/m/04qc2m,21636.0
Indometacin,/m/04h8mb,21260.0
Acetazolamide,/m/02015n,21156.0
Perindopril/indapamide,/m/01xm8qh,21145.0
Potassium chloride,/m/0150d_,20890.0
Bimatoprost,/m/0frwkr,20866.0
Carprofen,/m/07rwsh,20588.0
Sulfasalazine,/m/04jy5g,20581.0
Budesonide,/m/04nd8v,20541.0
Simethicone,/m/045vds,20403.0
Naltrexone,/m/04gf04,20354.0
Dabigatran,/m/0fvzt4,20160.0
Temazepam,/m/01jskm,20107.0
Colchicine,/m/01_yv2,20103.0
Tetracycline,/m/07jvd,19991.0
Prochlorperazine,/m/0598x5,19924.0
Fluvoxamine,/m/01jstf,19781.0
Oxybutynin,/m/0bgvbn,19778.0
Fluoride,/m/014d7f,19737.0
Nitrous oxide,/m/09bml,19697.0
Dutasteride,/m/06p7_q,19636.0
Dimenhydrinate,/m/02_tx0,19542.0
Yellow fever vaccine,/m/05b0432,19538.0
Enalapril,/m/034wq9,19484.0
Solifenacin,/m/0g4nqy,19449.0
Glutamine,/m/0h1xy,19361.0
DPT vaccine,/m/03kx2w,19219.0
Candesartan,/m/04ntcn,19076.0
Lurasidone,/m/04jb_02,18991.0
Lovastatin,/m/02z8k9,18112.0
Propofol,/m/02hf5w,18088.0
Irbesartan,/m/038t69,18072.0
Dioctyl sodium sulfonsuccinate,/m/04jfg5n,17907.0
Cefuroxime,/m/04c7_n,17893.0
Isoniazid,/m/02v363,17887.0
Pramipexole,/m/0bb5jc,17609.0
Nystatin,/m/036lzc,17595.0
Psyllium seed husks,/m/0c61rs,17498.0
Perindopril,/m/0d3mp5,17391.0
Iodine-131,/m/05_f4km,17263.0
Telmisartan,/m/065xz3,17252.0
Acetylcysteine,/m/01_ds3,17175.0
Bisacodyl,/m/0cft0c,17112.0
Tizanidine,/m/0877vg,17079.0
Liothyronine,/m/0bjv1y,17066.0
Pseudoephedrine,/m/0hqw_,17028.0
Milnacipran,/m/07bjs5,16773.0
Ephedrine,/m/018_cj,16730.0
Tiotropium bromide,/m/08pdmk,16667.0
Phenobarbital,/m/05dr2v,16609.0
Yohimbine,/m/03bwk8,16543.0
Tacrolimus,/m/014_0n,16523.0
Valsartan/hydrochlorothiazide,/m/0g9x899,16450.0
Ceftriaxone,/m/03x2w7,16409.0
Ketamine,/m/04b5r,16286.0
Glibenclamide,/m/079695,16234.0
Tioconazole,/m/08s974,16165.0
Chlorpromazine,/m/0133fz,16097.0
Sucralfate,/m/07myjr,16062.0
Oseltamivir,/m/03t8j0,16058.0
Glipizide,/m/01lmk3,16043.0
Vitamin B-12,/m/0f4k5,15803.0
Rifampicin,/m/03qsl9,15459.0
Docetaxel,/m/06y4m_,15402.0
Insulin glargine,/m/05qxx3,15378.0
Cyclophosphamide,/m/05mgqp,15301.0
Labetalol,/m/091x5l,15279.0
Beclometasone dipropionate,/m/0654j7,15169.0
Salicylic acid,/m/06zx7,15040.0
Chlorphenamine,/m/0311r3,15021.0
Interferon,/m/03x73,15010.0
Tretinoin,/m/02zcy0,15004.0
Flecainide,/m/036rdn,14870.0
Quinine,/m/06b6w,14820.0
Interferon alfa 2b,/m/03gvzky,14818.0
Bevacizumab,/m/0584_3,14803.0
Doxazosin,/m/06p135,14800.0
Fluticasone,/m/036b35,14760.0
Glyceryl trinitrate,/m/0997r6,14741.0
Carisoprodol,/m/0344cr,14722.0
Lidocaine,/m/01rml9,14685.0
Butylscopolamine,/m/06v01l,14668.0
Silodosin,/m/02r3__c,14509.0
Mephedrone,/m/03grvrd,14198.0
Midazolam,/m/02_7lx,14114.0
Cisplatin,/m/04xnqp,14043.0
Contraceptive patch,/m/050hkk,14024.0
Sotalol,/m/03rjwc,13919.0
Carbimazole,/m/08pqyx,13906.0
Nandrolone,/m/036js9,13823.0
Exenatide,/m/093_zf,13773.0
Tetrahydrocannabinol,/m/0gjwh,13747.0
Exemestane,/m/08x0jh,13622.0
Tenofovir,/m/04pjd9,13608.0
Fluorouracil,/m/04r38y,13592.0
Pethidine,/m/02x3hw,13342.0
Nitric oxide,/m/01j5q2,13315.0
Cabergoline,/m/051b_1,13230.0
Calcium carbonate,/m/0c5pb,13159.0
Dextroamphetamine,/m/02dl34,13150.0
Procaine,/m/01rlyq,13039.0
Capecitabine,/m/06k8l8,12977.0
Levocetirizine,/m/06m0xc,12951.0
Hydralazine,/m/07jhn8,12948.0
Phenazopyridine,/m/05tx6_,12919.0
Ibandronic acid,/m/0h2lty,12846.0
Zinc,/m/025sqz8,12792.0
Mefloquine,/m/019h7q,12788.0
Tranexamic acid,/m/069sqv,12752.0
Vitamin B-6,/m/0f4kp,12709.0
Carnitine,/m/01nw7c,12659.0
Lactulose,/m/04rs8t,12625.0
Pioglitazone,/m/02vycf,12603.0
Melanotan II,/m/05h5ncd,12451.0
Chlordiazepoxide,/m/0g0xc2,12358.0
Senna glycosides,/m/03c9tc1,12338.0
Lorcaserin,/m/04f4c7_,12333.0
Leflunomide,/m/0b3chd,12298.0
Epinephrine,/m/02s8y,12259.0
Triamcinolone acetonide,/m/03bx74_,12227.0
Dimethyltryptamine,/m/02f8v,12212.0
Magnesium hydroxide,/m/01bfyf,12210.0
Zonisamide,/m/06_306,12123.0
Rizatriptan,/m/03p1n8,12098.0
Colesevelam,/m/02x2xqm,12080.0
Megestrol,/m/0ggcn7,12001.0
Lecithin,/m/02lj4d,11943.0
Raloxifene,/m/060jym,11855.0
Gemfibrozil,/m/035xrc,11820.0
Potassium,/m/025s7j4,11800.0
Benzodiazepine,/m/01j4k,11773.0
Disulfiram,/m/01k8v2,11770.0
Doxepin,/m/05mbv3,11744.0
Gentamicin,/m/01lrtb,11717.0
Tea tree oil,/m/02_863,11716.0
Glatiramer acetate,/m/0274w12,11502.0
Triamcinolone,/m/04ld6k,11488.0
Tapentadol,/m/03c21nw,11482.0
Amlodipine/benazepril,/m/09zp4t,11385.0
Estrogen patch,/m/07jd1z,11362.0
Doxorubicin,/m/05y6n3,11316.0
Ketoconazole,/m/03bxlz,11300.0
Miconazole,/m/03npzj,11285.0
Nitroglycerin,/m/05dkv,11243.0
Ursodiol,/m/04vz8c,11242.0
Benzoyl peroxide/clindamycin,/m/0bf0f0,11163.0
Rabies vaccine,/m/05b6t22,11153.0
Sitagliptin/metformin,/m/0glqq49,11044.0
Benzatropine,/m/019ddz,11040.0
Cimetidine,/m/03zpxp,11025.0
Glimepiride,/m/01lmkg,10975.0
Efavirenz/Emtricitabine/Tenofovir,/m/0ffmvx,10905.0
Dapsone,/m/030kgn,10883.0
Imiquimod,/m/09dv_k,10869.0
Clomipramine,/m/05f_p3,10643.0
Vardenafil,/m/02_gw4,10633.0
Rabeprazole,/m/03dcdm,10531.0
Asenapine,/m/0264jhb,10525.0
Risedronic acid,/m/0hqvfl5,10519.0
Clobetasol propionate,/m/040sb9,10503.0
Prohormone,/m/02byz6,10471.0
Atropine,/m/012fbv,10433.0
Methylhexanamine,/m/04jfzbc,10430.0
Metaxalone,/m/08t5w8,10415.0
Filgrastim,/m/02qg5g,10408.0
Urofollitropin,/m/071m0b,10397.0
Telmisartan/hydrochlorothiazide,/m/0g9s_60,10386.0
Clotrimazole,/m/05l1rk,10351.0
Sibutramine,/m/04pfdc,10332.0
Sodium bicarbonate,/m/014dn0,10232.0
Hydroquinone,/m/05pqnv,10225.0
Lubiprostone,/m/0279p5y,10193.0
Nabumetone,/m/025tn39,10107.0
Erythropoietin,/m/01fwr3,10073.0
Gliclazide,/m/0dhb9g,9970.0
Etoricoxib,/m/04r663,9901.0
Dydrogesterone,/m/0ggj1b,9866.0
Imipramine,/m/03ztdf,9845.0
Flunitrazepam,/m/033b3,9733.0
Ezetimibe/simvastatin,/m/03ygmc,9620.0
Theophylline,/m/0gzk2,9597.0
Ivermectin,/m/047j8m,9565.0
Adapalene,/m/03qkby,9545.0
Epoetin alfa,/m/03bxk18,9541.0
Cyproheptadine,/m/0crxbr,9500.0
Etodolac,/m/06p6pq,9486.0
Lacosamide,/m/03d58gj,9481.0
Pitavastatin,/m/0dftpf,9479.0
Gemcitabine,/m/05g9s6,9478.0
Dextromethorphan,/m/06n3pj,9437.0
Fipronil,/m/06h044,9338.0
Prazosin,/m/06zsbt,9270.0
Norethisterone acetate,/m/02p6dy7,9174.0
Mebeverine,/m/026rzmm,9173.0
Lymecycline,/m/0bjynb,9120.0
Chromium(III) picolinate,/m/088jxf,9047.0
Emtricitabine/Tenofovir,/m/0hqwz3m,8973.0
Carboplatin,/m/04smzy,8937.0
Oxymetholone,/m/08708n,8864.0
Pegfilgrastim,/m/02wv910,8862.0
Desloratadine,/m/03cp2f,8852.0
Iron,/m/025rw19,8819.0
Mannitol,/m/03zf_l,8796.0
Emtricitabine,/m/03g685,8711.0
Tolterodine,/m/062h9y,8664.0
Salmeterol,/m/04nkxg,8614.0
Atomoxetine,/m/02_76b,8612.0
Calcium,/m/025tkqy,8570.0
Isosorbide mononitrate,/m/04b636,8515.0
Interferon beta-1a,/m/021qyf,8431.0
Paliperidone,/m/0cbvlw,8414.0
Iodine,/m/025rw2h,8380.0
Benazepril,/m/06z2t5,8288.0
Mefenamic acid,/m/04hf1v,8282.0
Azelastine,/m/0d4s3r,8278.0
Amantadine,/m/048pyy,8235.0
Primidone,/m/06r2rh,8150.0
Polio vaccine,/m/01b90_,8140.0
Eletriptan,/m/0b44cf,8105.0
Permethrin,/m/03079z,8104.0
Benzonatate,/m/05wk9p,8067.0
Sorbitol,/m/0fll1,8043.0
Bendroflumethiazide,/m/04dyd8,8025.0
Betahistine,/m/06sdf6,7979.0
Hydroxycarbamide,/m/03d3w6,7965.0
Benzoyl peroxide,/m/03h2f_,7957.0
Pneumococcal conjugate vaccine,/m/0d7slh,7848.0
Fludrocortisone,/m/0337ny,7842.0
Latanoprost,/m/06_71h,7821.0
Febuxostat,/m/02r6gv5,7786.0
BCG vaccine,/m/01bzn,7783.0
Spinosad,/m/02qrdp4,7697.0
gamma-Hydroxybutyric acid,/m/03d7_,7694.0
Teriparatide,/m/037n_c,7681.0
Desmopressin,/m/03cgrs,7670.0
Methyldopa,/m/03xmvj,7615.0
Cholestyramine,/m/05xg19,7609.0
Temozolomide,/m/060rrv,7603.0
Castor oil,/m/0174xf,7597.0
Olopatadine,/m/05kmn9,7596.0
Lenalidomide,/m/064gy2,7580.0
Imatinib,/m/02q6kr,7567.0
Norgestimate,/m/07dgfx,7534.0
Rifaximin,/m/0bct40,7529.0
Methylcobalamin,/m/0hqw5dh,7504.0
Nadolol,/m/03wp62,7473.0
Abatacept,/m/02phdqs,7433.0
Fluticasone furoate,/m/05b_3m5,7408.0
Oxymetazoline,/m/058246,7387.0
Erlotinib,/m/07jk8h,7310.0
DEET,/m/01yntb,7198.0
Ephedra,/m/01kl4_,7197.0
Felodipine,/m/04ntfm,7068.0
Diphenoxylate/Atropine,/m/0hqw7nj,6963.0
Ipratropium bromide,/m/038lqr,6900.0
Dimethyl sulfoxide,/m/02r06y,6851.0
4-Chlorodehydromethyltestosterone,/m/0g_jys,6829.0
Linezolid,/m/026vy2,6806.0
Naloxone,/m/011_yk,6805.0
"3,3'-Diindolylmethane",/m/052m55,6803.0
Piracetam,/m/032w1v,6763.0
Cyclizine,/m/09r4z_,6689.0
Bromocriptine,/m/02xpx1,6666.0
Rho(D) immune globulin,/m/097wyq,6638.0
Terbutaline,/m/04kf6ht,6634.0
Triamterene,/m/06rmx8,6595.0
Dronedarone,/m/01xm8sc,6568.0
Prasugrel,/m/067kt7,6566.0
Betamethasone,/m/057fff,6564.0
Goserelin,/m/04ntx4,6556.0
Chloroquine,/m/05c7gk,6548.0
Ribavirin,/m/0jf44,6499.0
Terazosin,/m/07b33v,6412.0
Activated carbon,/m/02378v,6395.0
Metoprolol tartrate,/m/0hqxnls,6393.0
Petroleum jelly,/m/01nxyd,6390.0
Piperacillin/tazobactam,/m/073q02,6386.0
Pancrelipase,/m/025rww2,6375.0
Sulfonamide,/m/02hssl,6357.0
Barium sulfate,/m/037d4f,6318.0
Opium,/m/05pg4,6276.0
Captopril,/m/02pzhs,6247.0
Phencyclidine,/m/065t4,6247.0
Boldenone,/m/08pdlw,6231.0
Itraconazole,/m/02t17r,6230.0
Alfuzosin,/m/071m55,6224.0
Tamoxifen,/m/04nv0k,6175.0
Saxagliptin,/m/01xm8qw,6136.0
Diclofenac/Misoprostol,/m/06spvx,6125.0
Midodrine,/m/071kv2,6124.0
Abiraterone,/m/02vvjp6,6117.0
Fesoterodine,/m/03cpjxx,6117.0
Agomelatine,/m/09d7nm,6117.0
Pneumococcal polysaccharide vaccine,/m/05v0cl,6093.0
Doxylamine,/m/059bmb,6085.0
Retinol,/m/0f4l5,6063.0
Famciclovir,/m/0bthk1,6032.0
Pentosan polysulfate,/m/05mwsp,5973.0
Tinidazole,/m/062yqc,5931.0
Levosalbutamol,/m/0cnbk1,5927.0
Strontium ranelate,/m/0h14j7,5925.0
Chlortalidone,/m/048r_c,5890.0
Timolol,/m/079ls5,5858.0
Ampicillin,/m/0v4h,5856.0
Pregnenolone,/m/06t2kd,5849.0
Orphenadrine,/m/06bvp4,5845.0
Mifepristone,/m/018svj,5845.0
Ampicillin/sulbactam,/m/08sqnn,5829.0
Oxytetracycline,/m/02n6zm,5814.0
Chromium,/m/025tkr6,5796.0
Benzocaine,/m/02m4r3,5792.0
Glycopyrronium bromide,/m/05kbll,5790.0
Zolmitriptan,/m/049yqz,5748.0
Cefixime,/m/04wy52,5713.0
Magnesium chloride,/m/02q788,5679.0
Pyrantel pamoate,/m/02x7bk3,5641.0
Ciclesonide,/m/0gk4_x,5633.0
Tibolone,/m/0d5q62,5598.0
Albendazole,/m/04ndbp,5595.0
Norgestrel,/m/07dgt5,5551.0
Linagliptin,/m/04dy_8j,5525.0
Trihexyphenidyl,/m/0b8h0n,5481.0
Ethambutol,/m/07yz98,5477.0
Bicalutamide,/m/04nty7,5435.0
Dapoxetine,/m/06tp98,5431.0
Amphotericin B,/m/036l_4,5424.0
Ranolazine,/m/0283_nh,5353.0
Piroxicam,/m/050kzh,5303.0
Thiamine,/m/07hnp,5302.0
Tobramycin/Dexamethasone,/m/0hqwc7g,5296.0
Apixaban,/m/03c0kdv,5253.0
Insulin aspart,/m/02y_x60,5215.0
Bortezomib,/m/06fq0v,5189.0
Ustekinumab,/m/04dwq4f,5182.0
Omalizumab,/m/04mkth,5170.0
Hashish,/m/03r3x,5152.0
Indapamide,/m/035xpl,5139.0
Adapalene/benzoyl peroxide,/m/065yj0t,5080.0
Saccharin,/m/01vs2h,5056.0
FOLFOX,/m/06sfd1,5042.0
Propylthiouracil,/m/0661gx,5019.0
Oxymorphone,/m/03ld4k,5009.0
Ofloxacin,/m/04t672,5007.0
Mercaptopurine,/m/05z270,4998.0
Isosorbide dinitrate,/m/03cf5l,4997.0
Pyridostigmine,/m/037ss9,4993.0
Lamivudine/Zidovudine,/m/0hqwnmm,4981.0
Bumetanide,/m/03vrlp,4976.0
Propylene glycol,/m/01h9_7,4964.0
Selenium,/m/025sf8g,4961.0
Triazolam,/m/02qznq,4934.0
Dihydrocodeine,/m/03ys9h,4888.0
Mebendazole,/m/06vlyw,4887.0
Propafenone,/m/02bjw9,4878.0
Dopamine agonist,/m/0bfs8l,4876.0
Hyoscyamine,/m/01h2ck,4866.0
Menthol,/m/01v03x,4865.0
Alpha-1 blocker,/m/07r772,4820.0
Pyridoxine/doxylamine,/m/0dnpy9,4818.0
Buserelin,/m/06m8lm,4794.0
Everolimus,/m/02m34c,4792.0
Thalidomide,/m/0dgqt,4789.0
Phenylpropanolamine,/m/02ww8w,4780.0
Co-dydramol,/m/0b1ptm,4780.0
Travoprost,/m/01xm8km,4697.0
Certolizumab pegol,/m/0g26tj,4648.0
Natalizumab,/m/06bl52,4632.0
Dopamine,/m/0c_3s,4609.0
Ipilimumab,/m/027ywgv,4602.0
Griseofulvin,/m/0431_d,4591.0
Pizotifen,/m/0fs_3q,4591.0
Brimonidine,/m/0cr8p_,4585.0
Ticagrelor,/m/04jcnlb,4572.0
Xylometazoline,/m/01lqc4,4571.0
Calcitriol,/m/06vg8_,4523.0
Lercanidipine,/m/0fmg53,4511.0
Tobramycin,/m/07jj92,4506.0
Octreotide,/m/04_f23,4451.0
Oxaliplatin,/m/06ng98,4435.0
Quinapril,/m/05jqmn,4408.0
Potassium citrate,/m/06h71p,4397.0
Rasagiline,/m/0f00c4,4370.0
Drostanolone propionate,/m/02r4d4k,4366.0
Mupirocin,/m/03lw4v,4362.0
Phenelzine,/m/01t0_w,4358.0
MS Contin,/m/06zczz,4358.0
Roxithromycin,/m/035m16,4354.0
Phendimetrazine,/m/063jbm,4347.0
Rivastigmine,/m/079pyn,4344.0
Insulin detemir,/m/02r1wl7,4311.0
Sunitinib,/m/0b3yrk,4291.0
Acamprosate,/m/09lllb,4267.0
Nicotinamide,/m/025s5r7,4245.0
Dosulepin,/m/07mljr,4222.0
Phenibut,/m/0dm2jd,4204.0
Betamethasone dipropionate,/m/06z2zg,4202.0
Zidovudine,/m/01bqth,4197.0
Triclosan,/m/01z3ym,4167.0
Ergocalciferol,/m/02dcg9,4146.0
Metenolone enanthate,/m/09j0kh,4110.0
Emtricitabine/rilpivirine/tenofovir,/m/0h3mv6t,4106.0
Xanthan gum,/m/02tvdz,4105.0
Sirolimus,/m/02m01g,4075.0
Eflornithine,/m/052ssm,4072.0
Ketotifen,/m/07517k,4070.0
Oxazepam,/m/0598yk,4051.0
Benztropine mesylate,/m/0hqytmz,4003.0
Stimulant,/m/0hk26,3997.0
Ethanol,/m/02qvz,3974.0
Danazol,/m/0982_t,3966.0
Enrofloxacin,/m/02pwk8_,3946.0
Clobazam,/m/06v6zr,3925.0
Ipratropium bromide/salbutamol,/m/06y_fy,3922.0
Loperamide/simethicone,/m/0d40wq,3919.0
Dipyridamole,/m/042t0v,3888.0
Cefprozil,/m/06nqs0,3844.0
Tocilizumab,/m/027yz2q,3826.0
Azelaic acid,/m/07zjbq,3812.0
Tadalafil,/m/021rl7,3811.0
Pimobendan,/m/04gllbg,3810.0
Pilocarpine,/m/02xn20,3781.0
Cinnarizine,/m/0960g6,3774.0
Methylergometrine,/m/091hg_,3774.0
Cetuximab,/m/05fmxx,3764.0
Chloramphenicol,/m/01whr,3747.0
Glycerol,/m/01781c,3743.0
Magnesium stearate,/m/08ttpl,3735.0
Cefpodoxime,/m/08dhhy,3698.0
Peginterferon alfa-2a,/m/07p3pf,3673.0
Sulindac,/m/0b_548,3646.0
Cefadroxil,/m/08jwn0,3634.0
Vemurafenib,/m/0hqvq1s,3629.0
Thyroid-stimulating hormone,/m/01wv57,3615.0
Bromazepam,/m/047tz7,3591.0
Vinpocetine,/m/0bxf8t,3550.0
Sorafenib,/m/09gh4q,3529.0
Oatmeal,/m/01bf_1,3515.0
Bendamustine,/m/03m6wyn,3501.0
Pazopanib,/m/064r9nb,3498.0
Fulvestrant,/m/04nv3g,3488.0
Voriconazole,/m/07f4rs,3482.0
Amisulpride,/m/07yw1g,3434.0
Ganirelix,/m/02phwnx,3417.0
Acitretin,/m/04r3nh,3407.0
Muscarinic antagonist,/m/02qmgk9,3398.0
Dextropropoxyphene,/m/0443r8,3397.0
Aminophylline,/m/071m6x,3390.0
Dalteparin sodium,/m/0bpj4k,3381.0
Mesterolone,/m/0ggjfk,3360.0
Suxamethonium chloride,/m/017ss1,3341.0
Mineral oil,/m/01f3_7,3340.0
Pentoxifylline,/m/06p91_,3334.0
Etoposide,/m/077tsy,3323.0
Pemetrexed,/m/04z9k3,3290.0
Dicloxacillin,/m/0b37f0,3269.0
Praziquantel,/m/03j9h_,3253.0
Dimercaptosuccinic acid,/m/05tdfw,3249.0
Darifenacin,/m/0ddwfs,3237.0
Cefazolin,/m/03f45h,3219.0
Sermorelin,/m/02r7jcs,3215.0
Trilostane,/m/0g7lbt,3212.0
Metamizole,/m/08j19g,3193.0
Iloperidone,/m/02qxd0_,3186.0
Bethanechol,/m/037kjw,3179.0
Dofetilide,/m/02ym_t,3177.0
Tissue plasminogen activator,/m/02nrn3,3161.0
Acetylcholine,/m/0dv67,3152.0
Silver nitrate,/m/01h2wm,3150.0
Flunarizine,/m/0fppct,3144.0
Ranibizumab,/m/0fv_4x,3143.0
Sulfur,/m/025sf9q,3143.0
Fluphenazine,/m/0199wt,3140.0
"2,4-Dinitrophenol",/m/03sgrl,3103.0
Norepinephrine,/m/02kc5hg,3097.0
Sodium benzoate,/m/03n6ym,3085.0
Cromoglicic acid,/m/04rs9x,3082.0
Momordica charantia,/m/0223r_,3070.0
Ethosuximide,/m/06vvrd,3068.0
Meropenem,/m/04nvc5,3062.0
Desipramine,/m/0577dm,3057.0
Galantamine,/m/04hzr4,3006.0
Norfloxacin,/m/08h90c,3006.0
Hib vaccine,/m/02z1023,3001.0
Ertapenem,/m/01lrv3,2974.0
Pimecrolimus,/m/03plc_,2968.0
Cilostazol,/m/04kjc4y,2962.0
Dorzolamide/Timolol,/m/0hqvtgq,2927.0
Roflumilast,/m/0djc2d,2922.0
Eplerenone,/m/0bd3st,2920.0
Sodium chloride,/m/0ksgj,2914.0
Prostaglandin E2,/m/0b7m3s,2901.0
Fluocinonide,/m/07p_b9,2875.0
Cytarabine,/m/031xzb,2862.0
Zaleplon,/m/06f0b3,2848.0
Loteprednol,/m/0gk4py,2840.0
Azacitidine,/m/04khsfl,2800.0
Daptomycin,/m/05tnjk,2797.0
Acetylcholinesterase inhibitor,/m/025rx80,2790.0
Brinzolamide,/m/0frt24,2777.0
Vildagliptin,/m/0dk7d9,2767.0
Acarbose,/m/048rkb,2715.0
Efavirenz,/m/061fqh,2711.0
Ketoprofen,/m/04bcd,2706.0
Irinotecan,/m/086vrw,2696.0
Tazarotene,/m/06xxtm,2693.0
4-Aminopyridine,/m/06v103,2686.0
Nimesulide,/m/055411,2671.0
Repaglinide,/m/09_f8g,2670.0
Aliskiren,/m/02pxk9k,2669.0
Metolazone,/m/0b06_c,2649.0
Ramelteon,/m/0bb0h0,2646.0
Perphenazine,/m/01sk7q,2635.0
Prostaglandin E1,/m/0g4nt2,2635.0
Triptans,/m/03g94t,2606.0
Torasemide,/m/0c5n95,2603.0
Terconazole,/m/06nqwh,2593.0
Chlorhexidine,/m/03n352,2579.0
Fenbendazole,/m/0g8529,2570.0
Huperzine A,/m/08k18t,2563.0
Colestipol,/m/02x2xqz,2562.0
Dasatinib,/m/0fnf59,2548.0
Atovaquone,/m/087zgp,2544.0
Dobutamine,/m/087cfn,2537.0
Darbepoetin alfa,/m/0b3nw,2510.0
Hydrogen peroxide,/m/03q_p,2501.0
Capsaicin,/m/0fs8j,2474.0
Nitrate,/m/05d92,2452.0
Golimumab,/m/027yxww,2447.0
Clindamycin/tretinoin,/m/04yc1fn,2439.0
Cefepime,/m/08dtmr,2433.0
Mescaline,/m/0bkb3,2419.0
Titanium dioxide,/m/01g3h5,2397.0
Lamivudine,/m/03b15z,2391.0
Amfepramone,/m/0bwk1b,2387.0
Amikacin,/m/08njz3,2384.0
Interferon beta-1b,/m/0877rw,2382.0
Triptorelin,/m/09896x,2379.0
Pyrazinamide,/m/07jps5,2376.0
Streptomycin,/m/01dply,2372.0
Cinacalcet,/m/064_tq,2365.0
Edetic Acid,/m/04khtxp,2364.0
Pyridoxine,/m/04h5y5,2362.0
Raltegravir,/m/0hqvl47,2357.0
Cloxacillin,/m/03vtqc,2345.0
Butorphanol,/m/0c5lpp,2343.0
Sodium,/m/025sf0_,2337.0
Povidone-iodine,/m/05zbd3,2334.0
Insulin lispro,/m/02y_x6q,2321.0
Nilotinib,/m/0fnf3y,2291.0
Potassium iodide,/m/03z9vp,2282.0
Sevelamer,/m/07q2hg,2278.0
Medroxyprogesterone,/m/0ggcvs,2277.0
Synephrine,/m/05k8s5,2270.0
Hypromellose,/m/0f3_08,2269.0
Selegiline,/m/04ntrv,2268.0
Telaprevir,/m/02qf44j,2255.0
Neomycin,/m/01lqd9,2252.0
Acepromazine,/m/04745l,2238.0
Belimumab,/m/027yjt9,2228.0
Silver sulfadiazine,/m/05v7f8,2167.0
Thiazide,/m/04dyr8,2165.0
Adenosine,/m/0m86w,2164.0
Formaldehyde,/m/0h3r1,2164.0
Cefaclor,/m/06mct6,2148.0
Oxaprozin,/m/04rwdd,2142.0
Clorazepate,/m/08xghb,2138.0
Azilsartan,/m/047mw_5,2136.0
Polydimethylsiloxane,/m/04bp8t,2134.0
Psychoactive drug,/m/0m1vx,2128.0
Deracoxib,/m/026s109,2124.0
Hydrocodone/ibuprofen,/m/0g9w2sd,2107.0
Piperacillin,/m/073pzq,2090.0
Bupivacaine,/m/06bzsn,2079.0
Strontium,/m/025sf8p,2062.0
Lopinavir/ritonavir,/m/0gg8tpd,2046.0
Rosiglitazone,/m/02vn54,2040.0
Pertuzumab,/m/027t1rb,2034.0
Entecavir,/m/05mg5k,2032.0
Frovatriptan,/m/0338x5,2030.0
Carbocisteine,/m/02vyzy8,2023.0
Citicoline,/m/02w93hv,2021.0
Lanolin,/m/016_8j,2019.0
Dihydroergotamine,/m/02vkbrl,1994.0
Glycine,/m/02kc008,1993.0
Aceclofenac,/m/03cb9jn,1987.0
Argipressin,/m/01gfs2,1986.0
Trospium chloride,/m/0g4nrm,1984.0
Pentazocine,/m/02fryw,1977.0
Orlistat,/m/023_kj,1974.0
Ivabradine,/m/0d5glz,1972.0
Riluzole,/m/04m8zk,1968.0
Bleomycin,/m/03yych,1948.0
Cetrorelix,/m/02pjf45,1941.0
Polysorbate 80,/m/09n943,1923.0
Levomethamphetamine,/m/08rtlq,1919.0
Nitazoxanide,/m/02ply54,1875.0
Ingenol mebutate,/m/0j62v3k,1857.0
Sodium fluoride,/m/04jy39,1855.0
Docosanol,/m/03l0mb,1852.0
Eribulin,/m/03mj0sv,1840.0
Potassium gluconate,/m/03c7_z2,1822.0
Butenafine,/m/0gf7hx,1820.0
Trisodium citrate,/m/032n7k,1816.0
Hydrogen peroxide - urea,/m/034rqj,1812.0
Deflazacort,/m/0gk646,1810.0
Lopinavir,/m/0dgq98,1805.0
Vinorelbine,/m/06_c_x,1802.0
Nonoxynol-9,/m/022fby,1801.0
Dorzolamide,/m/0frtmp,1795.0
Pamabrom,/m/0cjbnq,1785.0
Cantharidin,/m/015yct,1784.0
Fenfluramine/phentermine,/m/02t3sp,1780.0
Dexmedetomidine,/m/0g8_7x,1771.0
Tolnaftate,/m/044yn0,1762.0
Gelatin,/m/03fz3,1752.0
Sulbutiamine,/m/0fs1d9,1750.0
Nitrazepam,/m/0464dy,1743.0
Trifluoperazine,/m/011xf0,1741.0
Potassium bromide,/m/01l4wn,1739.0
Trolamine salicylate,/m/05glfy,1738.0
Tyramine,/m/02w0kj,1734.0
Folinic acid,/m/03xplt,1731.0
Nafarelin,/m/06m8cm,1731.0
Ritonavir,/m/03l19k,1730.0
Difluprednate,/m/0gk8_j,1724.0
Calpol,/m/0cmns_,1723.0
Valganciclovir,/m/079cjy,1722.0
Boceprevir,/m/043p8j0,1715.0
Sulpiride,/m/09g24p,1710.0
MMRV vaccine,/m/0cqdcs,1695.0
Etizolam,/m/0bljc7,1685.0
Chloroform,/m/0l80n,1682.0
Ornidazole,/m/06vlf4,1677.0
Procyclidine,/m/0dk5n_,1676.0
Loxapine,/m/025s6t,1675.0
Tranylcypromine,/m/025sj5,1647.0
Benzalkonium chloride,/m/02hq0z,1647.0
Balsalazide,/m/0d4hxw,1640.0
Rofecoxib,/m/02_fpz,1640.0
Histamine,/m/0238z7,1639.0
Mitomycin,/m/08fr6v,1638.0
Ciclopirox,/m/061gyg,1636.0
ORTHOVISC,/m/04yj9f6,1635.0
Clove,/m/0jbr7,1631.0
Fluvastatin,/m/02z6yr,1628.0
Chlorzoxazone,/m/0fs6wv,1627.0
Amyl nitrite,/m/01345,1623.0
Amiloride,/m/048px5,1617.0
Nitrous oxide and oxygen,/m/03tlft,1614.0
Atorvastatin/Amlodipine,/m/05jnhy,1607.0
Podophyllotoxin,/m/08bv51,1603.0
Clavulanic acid,/m/05sxzz,1603.0
Androstenedione,/m/02czq5,1590.0
Amidrine,/m/06p7_c,1590.0
Dantrolene,/m/035pvy,1584.0
Glyphosate,/m/01q_vm,1582.0
Rotigotine,/m/0cgj86,1571.0
Ammonia,/m/0p6_,1558.0
Omeprazole magnesium,/m/0hqwt1d,1558.0
Nicorandil,/m/0cpmck,1553.0
Magnesium aspartate,/m/03c7_yd,1546.0
Bismuth subsalicylate,/m/03pw98,1543.0
Acebutolol,/m/096jdt,1541.0
Melphalan,/m/07d6lp,1540.0
Diethylstilbestrol,/m/01r2_z,1538.0
Cilazapril,/m/0grnly,1531.0
Etynodiol diacetate,/m/0ggckf,1531.0
Alpha-GPC,/m/03hg09c,1527.0
Nefazodone,/m/077xgw,1526.0
Reboxetine,/m/03gxl3,1524.0
Carbidopa,/m/03vwgw,1519.0
DA2PPC vaccine,/m/06_v7qv,1513.0
Artemether/lumefantrine,/m/0ct77g,1511.0
Diosmin,/m/0crk_8,1505.0
Pheniramine,/m/0d39h7,1492.0
Ambroxol,/m/03m3srn,1490.0
Flupentixol,/m/09z9dy,1489.0
Alimemazine,/m/03c0d08,1483.0
Bromhexine,/m/08hvly,1481.0
Glucagon,/m/01l2q7,1480.0
Fosinopril,/m/038t1_,1479.0
Moclobemide,/m/07j7nb,1479.0
Protease inhibitor,/m/02_vrv,1476.0
Eltrombopag,/m/03d51s1,1472.0
Arbutin,/m/0f18fw,1458.0
Fluorometholone,/m/08wrzl,1455.0
Cilnidipine,/m/047m0gv,1450.0
Zinc oxide,/m/02kgj6,1448.0
Ganciclovir,/m/079c6q,1446.0
Trichloroacetic acid,/m/046_n1,1442.0
Witch-hazel,/m/01qp09,1436.0
Zafirlukast,/m/0416g8,1429.0
Lapatinib,/m/0cgbt7,1424.0
Bacitracin,/m/03ls75,1420.0
Trandolapril,/m/0c5hrw,1417.0
Primaquine,/m/05p8yb,1414.0
Thiocolchicoside,/m/02wz2c3,1397.0
Nabilone,/m/05m7nr,1395.0
Desonide,/m/069z4g,1395.0
Nevirapine,/m/04v2b1,1390.0
Colistin,/m/03lrrq,1386.0
Helium,/m/025rt79,1385.0
Naratriptan,/m/06gwhk,1382.0
Thioridazine,/m/01skf2,1377.0
Alemtuzumab,/m/088m9m,1374.0
Deferasirox,/m/0b_1ty,1370.0
Pyrroloquinoline quinone,/m/02x9y7,1370.0
Flurazepam,/m/04h8tj,1366.0
Niacin/simvastatin,/m/03wh1_2,1364.0
Phenol,/m/0602p,1363.0
Isoxsuprine,/m/02x08_8,1362.0
Undecylenic acid,/m/027cncd,1359.0
Milrinone,/m/0ctxxy,1337.0
Vincristine,/m/0464jg,1331.0
Methyl salicylate,/m/03hpqm,1330.0
Quinidine,/m/02zlxs,1328.0
Lofepramine,/m/0fcndl,1328.0
Afatinib,/m/04jdmk3,1326.0
Tianeptine,/m/07glsr,1318.0
Interleukin 2,/m/047sv6,1316.0
Indole-3-carbinol,/m/0dpyhn,1315.0
Calcipotriol,/m/07shvg,1314.0
Aniracetam,/m/03sggt,1310.0
Ulipristal acetate,/m/09ggd5w,1307.0
Imipenem/cilastatin,/m/07pf88,1305.0
Formoterol,/m/04ntm2,1286.0
17-Hydroxyprogesterone caproate,/m/02q18r0,1285.0
Fibrate,/m/026zxv,1275.0
Rufinamide,/m/0gb27t,1273.0
Entacapone,/m/08zfpy,1266.0
Flumazenil,/m/03hljq,1265.0
"3,4-Methylenedioxyamphetamine",/m/0338q0,1255.0
Fusidic acid,/m/03rgfk,1254.0
Tinzaparin sodium,/m/02y_py9,1253.0
Procainamide,/m/04c38d,1246.0
Ifosfamide,/m/0c8j0n,1245.0
Voglibose,/m/027kz9f,1244.0
Selenium disulfide,/m/072xg7,1243.0
Mepacrine,/m/04wrfw,1236.0
