name_en,translation,mid,frequency
Online and offline,Онлайн,/m/0bcp7,223628100
Pornography,Порнография,/m/0f0jjz,196392120
Film,Кинематограф,/m/02vxn,133272736
VK,ВКонтакте,/m/03np4lh,91529680
Game,Игра,/m/034s7,70756158
Pornographic film,Порнофильм,/m/01jk9n,63030691
Human sexual activity,Секс,/m/08_4ns,57459248
Photography,Фотография,/m/05wkw,47243432
Video,Видео,/m/07z4p,43853330
Song,Песня,/m/074ft,43585244
Russian Language,Русский язык,/m/06b_j,42966203
Translation,Перевод,/m/07h26,38294445
Odnoklassniki,Одноклассники,/m/03hn7p6,36858974
Ukraine,Украина,/m/07t21,36759683
Kiev,Киев,/m/02sn34,36066291
Android,Android,/m/02wxtgw,35807855
Video game,Компьютерная игра,/m/01mw1,35277056
Weather,Погода,/m/0866r,34073567
Music,Музыка,/m/04rlf,32744640
Moscow,Москва,/m/04swd,32081608
Automobile,Автомобиль,/m/0k4j,30474595
Russia,Россия,/m/06bnz,29596825
YouTube,YouTube,/m/09jcvs,27924872
Yandex,Яндекс,/m/08rbfg,27625209
Child,Ребёнок,/m/0ytgt,27071838
Animated cartoon,Мультфильм,/m/095bb,25218569
English Language,Английский язык,/m/02h40lc,24635529
Google Translate,Google Переводчик,/m/025sndk,23969810
Saint Petersburg,Санкт-Петербург,/m/06pr6,23557020
Minecraft,Minecraft,/m/09v6kpg,21775330
Verse,Стих,/m/02vw_fx,21679006
iPhone,IPhone,/m/027lnzs,21646466
Book,Книга,/m/0bt_c3,21066115
Microsoft Windows,Microsoft Windows,/m/04r_8,20906351
Computer program,Компьютерная программа,/m/01r9v,20741310
Language,Язык,/m/04g7d,19636802
Birthday,День рождения,/m/01kcnl,18951557
Love,Любовь,/m/048knlz,18514146
Minsk,Минск,/m/0dlxj,18475507
E-mail,Электронная почта,/m/02nf_,18171703
The Internet,Интернет,/m/03rlt,18017435
Word,Слово,/m/052jhp,17428819
Television,Телевидение,/m/07c52,17134870
Recipe,Кулинарный рецепт,/m/0p57p,16943283
News,Новости,/m/05jhg,16518856
Website,Сайт,/m/085n4,16478355
Map,Географическая карта,/m/04_tb,15820228
Google,Гугл,/m/045c7b,15684102
Gestation,Беременность,/m/037c7,15573701
Online game,Онлайн-игра,/m/041psc,15468538
Russian,Русские,/m/0g6ff,15219386
Woman,Женщина,/m/082lw,15037478
Google Search,Google,/m/0387r,15025267
Hair,Волосы,/m/03q69,15018192
Magnificent Century,Великолепный век,/m/0g581c_,14998581
Yandex Search,Яндекс.Поиск,/m/0gmfl7z,14926739
Pregnancy,Беременность человека,/m/05vqh7,14881302
Bank,Банк,/m/017ql,14178913
Apartment,Квартира,/m/01nblt,14080548
Football,Футбол,/m/02vx4,13967284
Russian Wikipedia,Русская Википедия,/m/06gr_6,13853567
Telephone,Телефон,/m/07cx4,13649892
Erotica,Эротика,/m/02js9,13615693
Online shopping,Интернет-магазин,/m/047m52,13500054
Clothing,Одежда,/m/09j2d,13236991
Windows 7,Windows 7,/m/05_30hd,13191050
Man,Мужчина,/m/04yx4,13170717
Computer,Компьютер,/m/074j35,13154228
Price,Цена,/m/01d_1l,13018028
Samsung Group,Samsung,/m/07gv72,12476832
Kharkiv,Харьков,/m/082sy9,12355073
Hotel,Гостиница,/m/03pty,12226557
ru,.ru,/m/0475sp,12060123
Text,Текст,/m/07s6nbt,11996481
Almaty,Алма-Ата,/m/0151s1,11816823
Nokia,Nokia,/m/05b5c,11700734
Sexual intercourse,Половой акт,/m/06vp9,11392506
School,Школа,/m/06zdj,11230031
BitTorrent,BitTorrent,/m/01jp81,10882315
Name,Имя,/m/015vq3,10810117
Apple,Apple,/m/0k8z,10785011
Horoscope,Гороскоп,/m/09y0l,10702934
Kazakhstan,Казахстан,/m/047lj,10509788
Therapy,Терапия,/m/03c1dkx,10450033
Charmed Season 3,Зачарованные - Сезон 3,/m/04k9yj1,10385549
Torrent file,.torrent,/m/080fyws,10369024
Personal computer,Персональный компьютер,/m/0643t,10222434
Movie theater,Кинотеатр,/m/0kcc7,9977204
Radio,Радио,/m/06bz3,9890233
Human,Человек разумный,/m/0dgw9r,9871926
Video clip,Видеоклип,/m/0sy9b,9834771
Salad,Салат,/m/0grw1,9708108
Grand Theft Auto,Grand Theft Auto,/m/04w8jw,9681003
Law,Право,/m/04gb7,9676676
History,История,/m/03g3w,9577722
Sberbank,Сбербанк России,/m/02m3ck,9570696
Wedding,Свадьба,/m/081hv,9521845
Odessa,Одесса,/m/0ffmp,9413157
Furniture,Мебель,/m/0c_jw,9254077
Dom-2,Дом-2,/m/02qfwfv,9111087
Mathematics,Математика,/m/04rjg,8925634
Cat,Кошка,/m/01yrx,8879013
Dog,Собака,/m/0bt9lr,8728959
Yekaterinburg,Екатеринбург,/m/0hkpn,8650204
Television program,Телевизионная программа,/m/0f2f9,8545431
Server,Сервер,/m/0bkxj,8533384
MTS,Мобильные ТелеСистемы,/m/040lw5,8459024
Short Message Service,SMS,/m/06_j_,8345140
Autumn,Осень,/m/0134l,8296985
House,Жилище,/m/03jm5,8291534
Footwear,Обувь,/m/09j5n,8237728
Mail,Почта,/m/0dh8s,8233227
Money,Деньги,/m/04_x4,8083353
Water,Вода,/m/0838f,8002092
Device driver,Драйвер,/m/02htf,7974947
Freeware,Freeware,/m/032db,7827835
Stalingrad,Сталинград,/m/0k951mn,7673858
Tank,Танк,/m/07cmd,7665832
Ukrainian Language,Украинский язык,/m/0cjk9,7662302
Kazan,Казань,/m/01cr28,7623552
AvtoVAZ,АвтоВАЗ,/m/04nbp,7609622
Masha and the Bear,Маша и Медведь,/m/0ndskfj,7499795
Interns,Интерны,/m/0bwjwty,7468805
Krasnodar,Краснодар,/m/02dw2t,7428063
Charmed - Season 2,2 сезон сериала «Зачарованные»,/m/05c0qh8,7334599
Belarus,Белоруссия,/m/0163v,7247036
Sports,Спорт,/m/06ntj,7153495
Mother,Мать,/m/0lbxz,7088301
Dnipropetrovsk,Днепропетровск,/m/03x45p,7085511
Internet forum,Веб-форум,/m/01r257,6958142
Prostitution,Проституция,/m/05zmv,6948536
iPad,iPad,/m/09rvlp4,6872424
Tablet computer,Планшетный персональный компьютер,/m/0bh9flk,6854825
Torte,Торт,/m/026pc7x,6824315
Facebook,Facebook,/m/02y1vz,6822918
Bus,Автобус,/m/01bjv,6811401
Dress,Платье,/m/01d40f,6706440
Samsung Electronics,Samsung Electronics,/m/01nn79,6705506
Chord,Аккорд,/m/01gp74,6687662
Class,Класс,/m/056cc,6683742
Novosibirsk,Новосибирск,/m/0gzyb,6634134
Dream dictionary,Сонник,/m/05pjb0,6613588
Public transport timetable,Расписание,/m/027bh4q,6611923
Suleiman the Magnificent,Сулейман I,/m/06q17,6593494
Anal sex,Анальный секс,/m/0zp7,6570850
World of Tanks,World of Tanks,/m/0c03cdz,6555018
iPhone 5,iPhone 5,/m/0gg4gh4,6509645
Life,Жизнь,/m/04nr2,6451772
Vampire,Вампиры,/m/07yjb,6424696
Skype,Skype,/m/026wfg,6414357
Diet,Диета,/m/02zkwn,6410332
Algebra,Алгебра,/m/0pmb,6387316
MP3,MP3,/m/04zc0,6359456
Fungus,Грибы,/m/03154,6350256
Windows 8,Windows 8,/m/0gvswcc,6300419
Letter,Буква,/m/09ttms,6281081
Wife,Жена,/m/025rz_f,6248776
Mod,Мод,/m/024lmx,6244753
Karpov,Карпов,/m/0ndskp3,6213843
Astana,Астана,/m/0fn08,6213395
Defense of the Ancients,DotA,/m/073pnt,6158526
Incest,Инцест,/m/03vks,6143608
Exchange rate,Валютный курс,/m/018m33,6094877
Naruto,Наруто,/m/01hryy,6071754
Sleep,Сон,/m/06xzh,6045077
Limited liability company,Общество с ограниченной ответственностью,/m/01prdc,6019835
Charmed Season 5,Зачарованные - Сезон 5,/m/04k9yj7,6000169
Calendar,Календарь,/m/01mzw,5994683
Sony Corporation,Sony,/m/06q07,5970653
Dictionary,Словарь,/m/026n0,5929210
Teacher,Учитель,/m/01d30f,5877405
Cheating in video games,Чит-код,/m/0277bn0,5873316
Kino,Кино,/m/060f1f,5847139
Dance,Танцы,/m/026bk,5828073
Design,Дизайн,/m/02cwm,5815960
Gay,Гей,/m/0d63kt,5798043
Credit,Кредит,/m/05p8s2,5792655
iOS,Apple iOS,/m/03wbl14,5789343
Eye,Глаз,/m/014sv8,5785571
Restaurant,Ресторан,/m/06l8d,5763193
Breast,Женская грудь,/m/01fpr,5754342
Fairy tale,Сказка,/m/0bxg3,5731773
Presentation,Презентация,/m/02y3rj,5701543
Flower,Цветок,/m/0c9ph5,5671357
Univer,Универ,/m/0ndsl3l,5667507
Contract,Договор,/m/0245b,5665611
Psychology,Психология,/m/05qfh,5665314
Samara,Самара,/m/0jlsq,5654860
Time,Время,/m/07c_l,5642252
MegaFon,МегаФон,/m/07pl0j,5604353
Instagram,Instagram,/m/0glpjll,5603583
Blood,Кровь,/m/019jw,5569801
Counter-Strike,Counter-Strike,/m/0233c,5563425
Drawing,Рисунок,/m/02csf,5530845
com,.com,/m/01gj0k,5516298
Mail.Ru,Mail.ru,/m/02rl6kl,5516227
Year,Год,/m/0887n,5472630
Univer. Novaya Obschaga,Универ. Новая общага,/m/0ndslgn,5468135
Clock,Часы,/m/01x3z,5458629
Adobe Photoshop,Adobe Photoshop,/m/06710,5382795
Beeline,Билайн,/m/040tf9,5371828
Food,Пища,/m/02wbm,5371067
Color,Цвет,/m/01sdr,5355759
Knitting,Вязание,/m/047fr,5277313
Grand Theft Auto V,Grand Theft Auto V,/m/0hgnzjh,5270591
Donetsk,Донецк,/m/02qbpd,5262387
Oil,Масло,/m/0bp_wy,5253288
Train,Поезд,/m/07jdr,5252859
Charmed Season 4,Зачарованные - Сезон 4,/m/04k9yj4,5244859
Physics,Физика,/m/05qjt,5243235
Tattoo,Татуировка,/m/07j2f,5160860
Weight loss,Потеря веса,/m/023s6n,5151875
Lviv,Львов,/m/0d7_n,5151830
Computer file,Файл,/m/020s1,5121297
Episode,Эпизод,/m/02cphr,5116289
Uzbek language,Узбекский язык,/m/0jfsq,5103049
Trilogy,Сериал,/m/07p_r,5097889
Wallpaper,Обои,/m/01lnt7,5097392
Renting,Аренда,/m/01y857,5095393
Laptop,Ноутбук,/m/01c648,5086104
The Vampire Diaries,Дневники вампира,/m/05sy2k_,5081565
Door,Дверь,/m/02dgv,5039210
Supernatural,Сверхъестественное,/m/06s3sm,5028744
Economy,Экономика,/m/0gfps3,5017345
Ufa,Уфа,/m/01vjg6,4933559
Television network,Телевизионный канал,/m/096wp,4929657
SB Sberbank of Russia JSC,ДБ АО «Сбербанк»,/m/0j3fq4_,4921594
Comedy,Комедия,/m/05p553,4902762
Winter,Зима,/m/086mh,4898229
Statute,Закон,/m/06n75,4874775
Biography,Биография,/m/017fp,4874060
Despicable Me,Гадкий я,/m/06zkfsy,4864705
United States of America,Соединённые Штаты Америки,/m/09c7w0,4855828
Pizza,Пицца,/m/0663v,4853309
Anime,Аниме,/m/0jxy,4850468
Advertising,Рекламный бизнес,/m/011s0,4844842
Actor,Актёр,/m/02hrh1q,4841050
New Year,Новый год,/m/05fdr,4816740
Lesbian,Лесбиянство,/m/04jjy,4815971
Hentai,Хентай,/m/03p67,4813636
Week,Неделя,/m/083sl,4807679
Wi-Fi,Wi-Fi,/m/0h4d9,4794718
Meaning,Значение,/m/0bh_zc,4786388
Son,Сын,/m/01qwbw,4782643
Lenovo,Lenovo,/m/03xvd_,4780902
Chicken,Курица,/m/09b5t,4776704
Business,Предприятие,/m/09s1f,4759161
Azerbaijan,Азербайджан,/m/0jhd,4753718
Sound,Звук,/m/06qc5,4720632
Soup,Суп,/m/01z1m1x,4715530
Tax,Налог,/m/07g82,4715331
Penis,Половой член человека,/m/070qfw,4690453
Girl,Девочка,/m/05r655,4685104
Disease,Болезнь,/m/027x3,4680488
Quotation,Цитата,/m/069dd,4677172
MTS Ukraine,МТС Украина,/m/07cbnb,4672410
Chelyabinsk,Челябинск,/m/01kg39,4662711
Nizhny Novgorod,Нижний Новгород,/m/0hclr,4661998
China,Китай,/m/0d05w3,4657295
Voronezh,Воронеж,/m/02c_fv,4655962
Animal,Животные,/m/0jbk,4646570
Society,Общество,/m/098wr,4622337
Google Maps,Google Maps,/m/055t58,4604398
Entrepreneurship,Предпринимательство,/m/02nwq,4602076
War,Война,/m/082cb,4597310
Chemistry,Химия,/m/01lj9,4582138
Real Estate,Недвижимое имущество,/m/023907r,4574845
Rostov-on-Don,Ростов-на-Дону,/m/01v15f,4570098
Winx Club,Клуб Винкс: Школа волшебниц,/m/04d5qx,4567009
Earth,Земля,/m/02j71,4565904
RIA Novosti,РИА Новости,/m/0d6h97,4553429
Nu Virgos,ВИА Гра,/m/01plwn5,4545150
Face,Лицо,/m/0dzct,4540704
Moldova,Молдавия,/m/04w4s,4539930
Hairstyle,Причёска,/m/0ds4x,4539883
HTC Corporation,High Tech Computer Corporation,/m/069b85,4533664
ASUS,ASUSTeK Computer,/m/02_39h,4529703
Zombie,Зомби,/m/089m7,4514377
Dish,Блюдо,/m/02q08p0,4507386
High-definition television,Телевидение высокой чёткости,/m/03jww,4473708
Golos,Голос,/m/0n904jx,4439293
Fish,Рыбы,/m/0ch_cf,4422189
Soviet Union,Союз Советских Социалистических Республик,/m/05vz3zq,4416485
Costume,Костюм,/m/0250x,4400554
Monster High,Школа Монстров,/m/0cnz5pd,4373424
Magazine,Журнал,/m/058sv,4368179
Pharmaceutical drug,Лекарственные средства,/m/018l35,4367595
Apple,Яблоко,/m/014j1m,4341906
Harry Potter,Гарри Поттер,/m/03647x,4340327
America's Psychic Challenge,Битва экстрасенсов,/m/03cfckp,4338615
Cinematography,Кинематограф,/m/01bt7h,4337814
Tire,Автомобильная шина,/m/0h9mv,4331787
Realnye patsany,Реальные пацаны,/m/0ndskdx,4326664
Symptom,Симптом,/m/01b_06,4308173
Velocity,Скорость,/m/07ygz,4294601
Family,Семья,/m/09dhj,4280578
Pie,Пирог,/m/0mjqn,4261481
Computer wallpaper,Обои,/m/03w43x,4244867
Halloween,Хэллоуин,/m/03lq2,4239556
Education,Образование,/m/02jfc,4221608
Aleksandr Pushkin,Александр Сергеевич Пушкин,/m/0dw6b,4220168
Geometry,Геометрия,/m/025x7g_,4213982
Microsoft Corporation,Microsoft,/m/04sv4,4201174
Fellatio,Минет,/m/02p0r36,4200269
Massage,Массаж,/m/0b_nd,4193569
Court,Суд,/m/0k05r,4186650
Omsk,Омск,/m/0gxgf,4173815
City,Город,/m/01n32,4173369
Coffee,Кофе,/m/02vqfm,4159239
Trailer,Трейлер,/m/03hdbf,4158807
Despicable Me 2,Гадкий я 2,/m/0gwn31_,4116458
Adobe Flash,Adobe Flash,/m/058b6,4112846
Krasnoyarsk,Красноярск,/m/0jhb4,4109115
Wladimir Klitschko,Владимир Владимирович Кличко,/m/021cr8,4093835
Password,Пароль,/m/0626t,4060850
Taxi,Такси,/m/0pg52,4053498
Tomsk,Томск,/m/0h3ry,4047672
Adolescence,Подросток,/m/0ldpy,4031199
Meat,Мясо,/m/04scj,4024806
Temperature,Температура,/m/07gr_,4018308
Windows XP,Windows XP,/m/085j0,4012821
University,Университет,/m/07tf8,4007518
Pain,Боль,/m/062t2,4000959
Rambler,Рамблер,/m/092lg0,3993711
Dough,Тесто,/m/01x9mn,3986693
Wholesale,Оптовая торговля,/m/0g_8n,3965501
System,Система,/m/0bj6r,3962187
Thor: The Dark World,Тор: Царство тьмы,/m/0j9knfv,3961321
World Wide Web,Всемирная паутина,/m/0828v,3951798
Samsung Galaxy,Samsung Galaxy,/m/0hnbsn3,3932030
Poetry,Поэзия,/m/05qgc,3902951
Perm,Пермь,/m/022j97,3902299
Husband,Муж,/m/025t1g1,3899297
Textbook,Учебник,/m/01lph_,3862743
Moon,Луна,/m/04wv_,3860543
Barbie,Барби,/m/015w6q,3854050
Engine,Двигатель,/m/02mk9,3847665
Mobile phone,Сотовый телефон,/m/050k8,3840182
Breaking Bad,Во все тяжкие,/m/03d34x8,3833223
Kaliningrad,Калининград,/m/049hw,3829450
Rape,Изнасилование,/m/06g5z,3815124
Menstruation,Менструация,/m/025swc8,3812868
Guitar,Гитара,/m/0342h,3809590
We're the Millers,Мы – Миллеры,/m/0lgq7_r,3808095
Nature,Природа,/m/05h0n,3807850
Literature,Литература,/m/04g51,3796151
Brown bear,Бурый медведь,/m/01dxs,3741561
The Sims,The Sims,/m/07hm9,3733831
Human tooth,Зубы человека,/m/0hz0h,3732831
iOS 7,iOS 7,/m/0vzr31p,3725908
Saratov,Саратов,/m/01lygk,3715350
Sovereign state,Государство,/m/06ztr_6,3713997
Online chat,Чат,/m/017kpc,3697511
Turkey,Турция,/m/01znc_,3695496
Volgograd,Волгоград,/m/07_h1,3685067
Kindergarten,Детский сад,/m/01ft5b,3684492
Firmware,Встроенное программное обеспечение,/m/0b8t7,3680182
Thor,Тор,/m/062zjtt,3676343
Synonym,Синонимы,/m/0hqj_,3671823
Horror,Фильм ужасов,/m/03npn,3661103
Theatre,Театр,/m/03qsdpk,3660132
Luntik,Приключения Лунтика и его друзей,/m/0bmcrql,3650681
Childbirth,Роды у человека,/m/0lc0w,3647147
Anecdote,Анекдот,/m/02dc69,3635395
Tyumen,Тюмень,/m/02f3_s,3633313
Leg,Нога человека,/m/035r7c,3627040
Fashion,Мода,/m/032tl,3614409
Philosophy,Философия,/m/037mh8,3613900
Sentence,Предложение,/m/03k6m_,3611538
BMW,BMW,/m/017yh,3611326
Error,Ошибка,/m/0b8gc,3597298
Cosmetics,Косметика,/m/014trl,3592740
TNT,ТНТ,/m/03y0g4s,3589418
Politics,Политика,/m/05qt0,3578566
Holiday,Праздник,/m/03gkl,3574300
KinoPoisk,КиноПоиск,/m/0nc86j2,3568397
Charmed Season 6,6 сезон сериала «Зачарованные»,/m/04k9yjb,3559560
Moscow Metro,Московский метрополитен,/m/0hkhn,3557922
Crochet,Вязание крючком,/m/0230w,3555401
Student,Студенты,/m/014cnc,3554696
Plant,Растения,/m/05s2s,3548174
LG Corp,LG Group,/m/04k024,3543534
Opera,Opera,/m/01z7gs,3540406
Alexander Povetkin,Александр Владимирович Поветкин,/m/03s5cc,3525705
Airport,Аэропорт,/m/09cjl,3511699
3D computer graphics,Трёхмерная графика,/m/02q4625,3510476
Biology,Биология,/m/01540,3510324
Television set,Телевизор,/m/0bx_y3w,3509424
Khabarovsk,Хабаровск,/m/0fmxx,3498775
Gmail,Gmail,/m/02q_bk,3477739
Zaporizhia,Запорожье,/m/062t3r,3475434
Hewlett-Packard,Hewlett-Packard,/m/03mnk,3463905
Number,Число,/m/05fwb,3463735
Medicine,Медицина,/m/04sh3,3463128
Nail,Ногти,/m/023j4r,3445951
Portable Document Format,Portable Document Format,/m/0600q,3435284
Nobel Prize in Physics,Нобелевская премия по физике,/m/0dt39,3407704
Raion,Район,/m/041rk3,3403330
Canon,Canon,/m/01bvx1,3400981
Ticket,Билет,/m/02py351,3400733
Daughter,Дочь,/m/029wnx,3400036
Watch,Наручные часы,/m/0gjkl,3397539
Tablet,Таблетки,/m/0kdn9,3387131
Germany,Германия,/m/0345h,3381539
Hard disk drive,Жёсткий диск,/m/03l34,3376048
Fortune-telling,Гадания,/m/0f4lp,3361569
X-Factor,X-Фактор (Украина),/m/0b76vfm,3357462
Webcam,Веб-камера,/m/0mynm,3351908
Gold,Золото,/m/025rs2z,3336729
Science,Наука,/m/06mq7,3332240
Machine,Машина,/m/0dkw5,3328130
Project,Проект,/m/0156dy,3314754
Potato,Картофель,/m/05vtc,3304183
iPhone 5s,iPhone 5s,/m/0w_ghcf,3294005
Nightclub,Ночной клуб,/m/01sg9l,3293514
Fictional film,Полнометражный фильм,/m/0604r_,3291784
Currency,Валюта,/m/01q7l,3285706
STB,СТБ,/m/02qclqm,3276870
Irkutsk,Иркутск,/m/0fp2v,3272946
Lesson,Урок,/m/0319ff,3263809
Software,Программное обеспечение,/m/01mf0,3261297
Skin,Кожа,/m/06z04,3259800
Toy,Игрушка,/m/0138tl,3252140
Culture,Культура,/m/01ws5,3246965
Desktop metaphor,Рабочий стол,/m/01yzbk,3241392
Paper,Бумага,/m/0641k,3227573
German Language,Немецкий язык,/m/04306rv,3223759
Channel One,Первый канал,/m/03twzd,3220542
Month,Месяц,/m/053jb,3218208
Microsoft Word,Microsoft Word,/m/052yv,3215452
Weapon,Оружие,/m/083kb,3213907
Steam,Steam,/m/03myz4,3207270
Milk,Молоко,/m/04zpv,3195675
Fixed-wing aircraft,Самолёт,/m/0cmf2,3195319
LEGO,LEGO,/m/04ndr,3185457
English as a second or foreign language,Международные экзамены по английскому языку,/m/0jt6_33,3181767
Mod,Моды,/m/03dmnm,3181131
Toyota Motor Corporation,Toyota,/m/07mb6,3177892
Mercedes-Benz,Mercedes-Benz,/m/052mx,3172224
Letter,Письмо (сообщение),/m/04jjh,3170813
PHP,PHP,/m/060kv,3167510
Wikipedia,Википедия,/m/0d07ph,3143450
Newspaper,Газеты,/m/05jnl,3141668
Calculator,Калькулятор,/m/024d2,3140465
Birth,Рождение,/m/0lbzq,3138904
Death,Смерть,/m/0294j,3138170
Neonate,Новорождённый,/m/0vzt6km,3133822
Europe,Европа,/m/02j9z,3095942
Dating,Свидание,/m/02px0wr,3085098
Star,Звезда,/m/06ngk,3080817
Riddle,Загадка,/m/01np1l,3078564
Twitter,Twitter,/m/0289n8t,3065053
Combat,Бой,/m/0byj4,3060442
Internet radio,Интернет-радио,/m/0drkk,3059602
Gift,Подарок,/m/0d84n,3057543
Mask,Маска,/m/01kr41,3057228
Zoophilia,Зоофилия,/m/089mr,3050924
Dota 2,Dota 2,/m/0dlkwn1,3048883
Car tuning,Тюнинг автомобиля,/m/03fdbx,3043937
Sochi,Сочи,/m/0m465,3036414
Motorcycle,Мотоцикл,/m/04_sv,3026579
Geography,География,/m/034ns,3025341
Function,Функция,/m/02v_93z,3013274
Art,Искусство,/m/0jjw,2982268
Computer network,Компьютерная сеть,/m/025szts,2973585
Domain Name System,DNS,/m/029zm,2969024
Vladivostok,Владивосток,/m/0fd_x,2964463
Backing track,Минусовка,/m/0267cxv,2961353
Document,Документ,/m/015bv3,2960946
Semen,Сперма,/m/0744p,2957830
Java,Java,/m/07sbkfb,2957012
Tree,Дерево,/m/07j7r,2955979
Renault,Renault,/m/015k42,2952869
Vitamin,Витамины,/m/07zry,2952315
Adobe Systems,Adobe Systems,/m/0vlf,2935919
United States Dollar,Доллар США,/m/09nqf,2931380
Rose,Шиповник,/m/06m11,2928347
Google Chrome,Google Chrome,/m/04j7cyf,2911291
Japan,Япония,/m/03_3d,2907353
Grand Theft Auto: San Andreas,Grand Theft Auto: San Andreas,/m/02hk9c,2895919
GOST,Государственный стандарт,/m/07r0j5,2894670
SpongeBob SquarePants,Губка Боб Квадратные Штаны,/m/07vqnc,2892708
The Highway Code,Правила дорожного движения,/m/01mvkf,2885964
November,Ноябрь,/m/05cw8,2884817
Wine,Вино,/m/081qc,2884592
Camera,Фотоаппарат,/m/0dv5r,2880275
Jacket,Куртка,/m/032b3c,2869477
Orgasm,Оргазм,/m/05n5y,2863532
Concept,Понятие,/m/0203b,2861066
Theory,Теория,/m/07kk5,2858503
Visa,Виза,/m/01wtrk,2857177
Fifty Shades of Grey,Пятьдесят оттенков серого,/m/0j64xyy,2842364
Chevrolet,Chevrolet,/m/09xzd,2830072
Xbox 360,Xbox 360,/m/02plp2,2822090
Reading,Чтение,/m/04yclrg,2802836
Microsoft Office,Microsoft Office,/m/052zb,2800043
Russian Railways,Российские железные дороги,/m/0dx7sx,2799926
Physical fitness,Фитнес,/m/027x7n,2799417
Gas,Газ,/m/037xy,2798422
Market,Рынок,/m/09y4pm,2788036
Physician,Врач,/m/05t4q,2782698
Main Directorate for Road Traffic Safety,Департамент обеспечения безопасности дорожного движения МВД России,/m/027hvfl,2777969
Physical exercise,Физические упражнения,/m/019w6h,2773080
Handbag,Сумка,/m/080hkjn,2769948
Abstract,Реферат,/m/02ppws,2769435
FIFA,FIFA,/m/02_js1,2768051
USB flash drive,USB флеш-накопитель,/m/023s_v,2766241
C++,C++,/m/0jgqg,2757172
Ukraine national football team,Сборная Украины по футболу,/m/03ytp3,2752057
Azerbaijani language,Азербайджанский язык,/m/01bcw_,2750100
Sushi,Суши,/m/07030,2748446
Boxing,Бокс,/m/01cgz,2745053
Pornographic actor,Порноактеры,/m/0g7nc,2743703
Heart,Сердце,/m/095_n,2741235
Work of art,Произведение искусства,/m/07ppk6,2738180
Ubuntu,Ubuntu,/m/03x5qm,2731504
Pharmacy,Аптека,/m/01rfps,2722797
Weather forecasting,Прогноз погоды,/m/0jp7j,2721194
Class,Класс,/m/0gqpg,2718955
Stalingrad,Сталинград,/m/040s2y,2716244
Mass,Масса,/m/04t9l,2706905
Liver,Печень,/m/04p8w,2705058
Soundtrack,Саундтрек,/m/0l14gg,2703402
Café,Кафе,/m/025s4nn,2698291
Manufacturing,Производство,/m/09t4t,2694230
Racing video game,Автосимулятор,/m/01sjng,2688312
Tanki Online,Танки Онлайн,/m/07s84qp,2685002
The Walking Dead,Ходячие мертвецы,/m/0c3xpwy,2681899
Management,Менеджмент,/m/04_tv,2680543
Tomato,Томат,/m/07j87,2671269
Fur clothing,Шуба,/m/07c97b,2666881
PrivatBank,ПриватБанк,/m/0cgwr3,2666460
Riddick,Риддик,/m/034qdw,2663306
Lunar calendar,Лунный календарь,/m/04nh2,2663003
Learning,Обучение,/m/0191f8,2661970
Armenia,Армения,/m/0jgx,2658990
Italy,Италия,/m/03rjj,2651017
Harry Potter film series,Гарри Поттер (серия фильмов),/m/02676m4,2650701
Rapid transit,Метрополитен,/m/0195fx,2646080
Protein,Белки,/m/05wvs,2644135
Calorie,Калория,/m/01wv2,2639734
Uzbekistan,Узбекистан,/m/07t_x,2625879
Izhevsk,Ижевск,/m/0nk2k,2625378
Grand Theft Auto IV,Grand Theft Auto IV,/m/0722qs,2615918
Curriculum vitae,Резюме,/m/07kgs9_,2611550
Game of Thrones,Игра престолов,/m/0524b41,2611159
Father,Отец,/m/0lbxg,2606508
iPhone 4,iPhone 4,/m/0c0bg9c,2605718
India,Индия,/m/03rk0,2603167
Sea,Море,/m/06npx,2599569
Short story,Новелла,/m/0707q,2598201
Elektrichka,Электропоезд,/m/08pqz7,2595094
NTV,НТВ,/m/03xxvd,2583943
Sauces,Соус,/m/0grqz,2582063
Kazakh Language,Казахский язык,/m/0jfs6,2579780
Recreation,Отдых,/m/06bm2,2579717
Plastic,Пластмассы,/m/05z87,2577509
Hospital,Больница,/m/0hpnr,2576451
Vegetable,Овощи,/m/0f4s2w,2570580
Uzbeks,Узбеки,/m/07xns,2564195
Simferopol,Симферополь,/m/0310wb,2561074
Accumulator,Электрический аккумулятор,/m/09t4km,2556887
Company,Коммерческая организация,/m/03bxgrp,2556701
Window,Окно,/m/0d4v4,2555727
WhatsApp,WhatsApp,/m/0gwzvs1,2554775
FictionBook,FictionBook,/m/0c_c49,2549823
University college,Высшее учебное заведение,/m/01frx5,2546116
Divan,Диван,/m/0dsbf_,2544978
USB,USB,/m/07wcf,2543693
Fédération Internationale de Football Association,ФИФА,/m/02zm3,2532599
Information,Информация,/m/03y39,2531584
Svaty,Сваты,/m/0ndsl10,2527218
Manga,Манга,/m/04spm,2512610
Fishing,Рыбалка,/m/094jc,2506996
Equation,Уравнение,/m/02jnw,2499430
Masturbation,Мастурбация,/m/051pp,2499348
Orenburg,Оренбург,/m/02fxjq,2490635
Tea,Чай,/m/07clx,2487047
Syria,Сирия,/m/06vbd,2485421
Shopping mall,Торговый центр,/m/025s8bs,2485253
Sex,Пол организмов,/m/06ng1,2484757
Vladimir Putin,Владимир Владимирович Путин,/m/08193,2483943
Smartphone,Смартфон,/m/0169zh,2482823
Opel,Opel,/m/05kzl,2482174
Sign,Знак,/m/06zsq,2473414
Sex in film,Эротический фильм,/m/03l_6f,2467423
Melodrama,Мелодрама,/m/01lrrt,2465618
Glass,Стекло,/m/039jq,2462393
My Little Pony: Friendship Is Magic,Дружба — это чудо,/m/0czdsgs,2462316
Concert,Концерт,/m/01jddz,2462049
Astrological sign,Знаки зодиака,/m/0h6434d,2461646
Battle of Stalingrad,Сталинградская битва,/m/01cr3,2458930
Teachers' Day,День учителя,/m/02y11r,2455157
Prayer,Молитва,/m/0687y,2452378
Service,Услуга,/m/018tkd,2445682
Turkish Language,Турецкий язык,/m/02hwyss,2442715
Technology,Техника,/m/07c1v,2421440
Hunting,Охота,/m/09p5m,2420480
Kitchen,Кухня,/m/0d4wf,2417463
Doll,Кукла,/m/0167gd,2417151
Philips,Philips,/m/05w3y,2416445
Thailand,Таиланд,/m/07f1x,2413235
Country,Страна,/m/01lff,2409235
Google Play,Google Play,/m/05n02d2,2408205
PlayStation 3,PlayStation 3,/m/067gh,2404691
1C Company,1С,/m/08gy15,2394546
Banya,Баня,/m/08213z,2390367
Museum,Музей,/m/09cmq,2384559
Album,Музыкальный альбом,/m/02lx2r,2382918
Audiobook,Аудиокнига,/m/051gpf,2378417
Need for Speed,Need for Speed,/m/02ks74,2376938
Bed,Кровать,/m/03ssj5,2374725
IKEA,IKEA,/m/03tb1,2365472
Antivirus software,Антивирусная программа,/m/01np0n,2365300
Acid,Кислота,/m/0hqs,2362132
Wage,Заработная плата,/m/01_942,2360685
Gravitation,Гравитация,/m/09lw1,2359054
World of Warcraft,World of Warcraft,/m/021dvx,2356575
College,Колледж,/m/02p0qmm,2347747
Pressure,Давление,/m/05wnx,2340665
Wood,Древесина,/m/083vt,2339661
eBay,eBay,/m/0z90c,2322879
Hair conditioner,Бальзам-ополаскиватель,/m/03lydk,2313212
Sanatorium,Санаторий,/m/03rr61,2310775
Islam,Ислам,/m/0flw86,2303522
Cookie,Печенье,/m/021mn,2289301
Microsoft Excel,Microsoft Excel,/m/052tr,2286594
Printer,Принтер,/m/01m4t,2286495
Vitis,Виноград,/m/02vwksk,2284812
Barnaul,Барнаул,/m/02dw02,2280826
Kirov,Киров,/m/0151rl,2272508
Cascading Style Sheets,Каскадные таблицы стилей,/m/015tjh,2269340
KVN,Клуб Весёлых и Находчивых,/m/09_7xg,2268949
Paint,Краски,/m/05y4t,2266553
Polyclinic,Поликлиника,/m/04jpm7p,2266502
Unified State Exam,Единый государственный экзамен,/m/09v9lky,2264989
Vagina,Влагалище женщины,/m/07zgr,2264356
Cream,Крем,/m/08p92x,2264143
Metal,Металлы,/m/04t7l,2260651
Kyivstar,Киевстар,/m/06zk26,2257767
Application software,Прикладное программное обеспечение,/m/02bj4k,2247007
Species,Биологический вид,/m/06zf0,2243212
Font,Шрифт,/m/03gq5hm,2243022
Kuhnya,Кухня (телесериал),/m/0ndslv4,2240825
Marriage,Брачный союз,/m/04ztj,2240556
Riddick,Риддик,/m/0gxrd70,2239046
Knife,Нож,/m/04ctx,2234417
Pacific Rim,Тихоокеанский рубеж,/m/0h0yd81,2229769
Yaroslavl,Ярославль,/m/0196_0,2226425
Software cracking,Взлом программного обеспечения,/m/077d6,2226234
Dynamic-link library,Динамически подключаемая библиотека,/m/07yv9x,2225350
Overcoat,Пальто,/m/03tvvb,2222478
Ruble,Рубль,/m/025smh5,2222067
Poland,Польша,/m/05qhw,2221989
Tourism,Туризм,/m/07bxq,2221189
Construction,Строительство,/m/01jnzj,2216819
Health,Здоровье,/m/0kt51,2215850
Proverb,Пословица,/m/05vz1,2215591
Key,Ключ,/m/0dxyr,2211940
Planet,Планета,/m/05qc_,2206605
Kia Motors,Kia Motors,/m/01cytr,2206516
Ford Motor Company,Ford,/m/02zs4,2206395
Cell,Клетка,/m/01cbd,2205134
Rice,Рис,/m/09759,2202297
The Elder Scrolls,The Elder Scrolls,/m/01w1d3,2200881
Natural rubber,Резина,/m/09kmv,2198955
Monster,Монстр,/m/0h9qh,2197141
The Elder Scrolls V: Skyrim,The Elder Scrolls V: Skyrim,/m/04gmzj,2197060
Fine,Штраф,/m/012qbl,2197030
Battlefield,Battlefield,/m/03f_kc,2190781
Batman,Бэтмен,/m/01d5g,2188531
Code,Код,/m/01lt2,2183499
Boy,Мальчик,/m/01bl7v,2181564
Profession,Профессия,/m/063km,2180421
Library,Библиотека,/m/04h8h,2179872
Xbox,Xbox,/m/0qffzrl,2174545
Value,Стоимость,/m/0bhr4z,2168646
Table,Стол,/m/04bcr3,2164612
Prose,Проза,/m/0dq0q,2161680
Crime,Преступление,/m/01rbb,2158876
Computer Science,Информатика,/m/01mkq,2158754
JavaScript,JavaScript,/m/02p97,2157262
Rapping,Рэперы,/m/06bxc,2151407
Registered user,Учётная запись,/m/026dh0x,2149351
Kievan Rus',Древнерусское государство,/m/0c81v,2149233
Mobile game,Игры для мобильных устройств,/m/04951x,2147150
Nose,Нос,/m/0k0pj,2146177
Traffic collision,Дорожно-транспортное происшествие,/m/08q1tg,2144818
The Fast and the Furious,Форсаж,/m/0czbbsz,2143871
Force,Сила,/m/02yc2,2143435
Russian passport,Заграничный паспорт гражданина Российской Федерации,/m/027nc60,2142877
Diary,Дневник (мемуары),/m/02gsv,2134089
Brassica,Капуста,/m/0qmh4,2130798
France,Франция,/m/0f8l9c,2125335
Chișinău,Кишинёв,/m/0fn77,2124984
Chocolate,Шоколад,/m/020vl,2123024
Bicycle,Велосипед,/m/0199g,2122804
Router,Маршрутизатор,/m/06f76,2121269
Wheel,Колесо,/m/083wq,2119736
Syrian civil war,Гражданская война в Сирии,/m/0gg506b,2114289
Gravity,Гравитация,/m/0g5rm7s,2112040
Insurance,Страхование,/m/03xks,2108461
Nvidia,Nvidia,/m/09rh_,2106993
Inter,Интер,/m/02pwf20,2106414
Karaoke,Караоке,/m/04c5p,2105029
Rim,Колесо,/m/047vmg8,2097867
Angel,Ангел,/m/0x6r,2096075
Kurtlar Vadisi,Долина волков,/m/0bj3_b,2090136
Ear,Ухо,/m/039xj_,2079319
Uterus,Матка женщины,/m/07v3r,2076014
Coat,пальто,/m/01xygc,2071706
"Nissan Motor Co., Ltd.",Nissan,/m/05b4c,2068936
jQuery,jQuery,/m/0268gyp,2064051
Misfits,Отбросы,/m/09gp_2k,2060386
Cunnilingus,Куннилингус,/m/025t5hz,2058251
HTML,HTML,/m/03g20,2057936
Pelmeni,Пельмени,/m/03cs9b,2045691
Oblast,Область,/m/019bl6,2043663
The Fixies,Фиксики,/m/0ndsktc,2037063
Ninja,Ниндзя,/m/0ck7l,2033170
Google Nexus,Google Nexus,/m/0hn9pm7,2030609
Embroidery,Вышивание,/m/02qfx,2029849
Ceiling,Перекрытие,/m/03gfsp,2025556
Organism,Организм,/m/05nnm,2023341
Download,Загрузка файлов,/m/0bm3b,2022614
Refrigerator,Холодильник,/m/040b_t,2021441
Ecology,Экология,/m/02mgp,2020084
Ani Lorak,Ани Лорак,/m/01q_j4y,2016377
Call of Duty,Call of Duty,/m/026wy8d,2016018
Novel,Роман,/m/05hgj,2015451
Rossiya 1,Россия-1,/m/0286qlv,2012735
Boot,Сапоги,/m/01b638,2012617
The Chronicles of Riddick,Хроники Риддика,/m/031gmx,2009818
FIFA 14,FIFA 14,/m/0t512fv,2008028
Accountancy,Бухгалтерский учёт,/m/0_jm,2007455
Leaf,Лист,/m/09t49,2005044
Smoking,Курение,/m/02vxs3q,1998318
Now You See Me,Иллюзия обмана,/m/0h8860l,1998272
Volkswagen Passenger Cars,Volkswagen,/m/07ywl,1997163
Verb,Глагол,/m/099t2,1994779
Vinnytsia,Винница,/m/04hwv7,1992572
Note,Нотная запись,/m/05jcn,1991760
Casserole,Кастрюля,/m/039jpz,1991744
Assassin's Creed,Assassin’s Creed,/m/076yyd4,1991600
Speech,Речь,/m/09x0r,1986965
Curtain,Шторы,/m/03rszm,1981260
Cheese,Сыр,/m/01nkt,1978611
Kikoriki,Смешарики,/m/02qpgfg,1978271
Weight,Вес,/m/085x_,1977685
Upper limb,Рука,/m/031vsn,1977224
Coin,Монета,/m/0242l,1976739
Voroniny,Воронины,/m/0ndsms5,1974412
Kiss,Поцелуй,/m/0db6d,1969658
Gomel,Гомель,/m/0159dz,1969301
Muscle,Мышцы,/m/04_fs,1964668
ESET NOD32,NOD32,/m/03trtg,1963765
Elysium,Элизиум,/m/0gwm_wy,1963519
Comics,Комикс,/m/012h24,1962831
Perfume,Духи,/m/0p833,1960916
Screenplay,Сценарий,/m/0lcvh,1952915
M.video,М.видео,/m/0b6cygd,1950912
GNU/Linux,Linux,/m/0fpzzp,1949408
October,Октябрь,/m/05lf_,1948852
French Language,Французский язык,/m/064_8sq,1943746
Floor,Пол,/m/0l7_8,1942962
Mushroom,Гриб,/m/052sf,1941125
Cough,Кашель,/m/01b_21,1940031
Porridge,Каша,/m/0k0mp,1938878
Symbol,Символ,/m/09ddf,1932369
Lion,Лев,/m/096mb,1926057
Rail transport,Железнодорожный транспорт,/m/06d_3,1916925
Samsung Galaxy S,Samsung Galaxy S,/m/0bmfjqn,1916715
Ringtone,Рингтон,/m/01hnzm,1915865
Meal,Питание,/m/0krfg,1911077
Tula,Тула,/m/017bwx,1909915
Percy Jackson & The Olympians,Перси Джексон и Олимпийцы,/m/07s5hrw,1906317
Internal combustion engine,Двигатель внутреннего сгорания,/m/03tpm,1905241
Penza,Пенза,/m/02h9pc,1903484
Star Wars,Звёздные войны,/m/06mmr,1903215
Luhansk,Луганск,/m/0428dx,1897909
Formula,Математическая формула,/m/015tl8,1895176
Lumia series,Nokia Lumia,/m/0j9k952,1891682
Audi,Audi,/m/0k50,1884132
WebMoney,WebMoney,/m/07nhrx,1882853
Rock music,Рок-музыка,/m/06by7,1882248
Lottery,Лотерея,/m/01h8pw,1878231
Video card,Видеокарта,/m/0syjz,1876480
Lada,Лада,/m/05fdj9,1875295
Kemerovo,Кемерово,/m/04clh,1872310
Bishkek,Бишкек,/m/01g9_,1872032
Mouth,Рот,/m/0283dt1,1868406
Sherlock Holmes,Шерлок Холмс,/m/06rkl,1868358
Ulyanovsk,Ульяновск,/m/025bf7,1867978
The Walking Dead Season 4,Ходячие мертвецы,/m/0v2z_35,1864416
Sevastopol,Севастополь,/m/0dlvj,1862286
Škoda Auto,Škoda Auto,/m/06psh,1860033
World War Z,Война миров Z,/m/0gyvj60,1855498
Spider-Man,Человек-паук,/m/06ys2,1855232
EPUB,Electronic Publication,/m/05n00zq,1854999
Tourist attraction,Достопримечательность,/m/0pgl9,1851085
Sun,Солнце,/m/06m_p,1849382
Passport,Паспорт,/m/05sv1,1847972
OS X,OS X,/m/055yr,1842867
Mykolaiv,Николаев,/m/03n7hk,1842439
Bead,Бисер,/m/015m2,1841438
The Mortal Instruments: City of Bones,Орудия смерти: Город костей,/m/0gy9xkk,1840925
Island,Остров,/m/03s0c,1837432
Résumé,Резюме,/m/01yrg2,1835131
Equus,Лошади,/m/05c607w,1832967
Surgut,Сургут,/m/06sn5d,1828501
Macintosh,Macintosh,/m/0zd6,1826952
Phrase,Фраза,/m/0c7tp,1826416
Krasnodar Krai,Краснодарский край,/m/02dw2c,1826254
Bird,Птицы,/m/015p6,1825518
"Honda Motor Company, Ltd",Honda,/m/03kr0,1825144
Electronic visual display,Монитор,/m/04ghdf9,1824522
Jeans,Джинсы,/m/0fly7,1820874
Cars,Тачки,/m/03q0r1,1820871
Honey,Мёд,/m/03qmh,1819027
Russian Post,Почта России,/m/0b7471,1818920
Roxelana,Роксолана,/m/01z6_5,1817969
Alcoholic beverage,Алкогольные напитки,/m/012mj,1813380
Cucurbita,Тыква,/m/012c4n,1812257
Acer Inc.,Acer,/m/023fm_,1806823
FC Zenit Saint Petersburg,ФК Зенит Санкт-Петербург,/m/03m6zs,1802262
Russia national football team,Сборная России по футболу,/m/03262k,1800903
Tolyatti,Тольятти,/m/02lz87,1799072
iPhone 4S,iPhone 4S,/m/0h6jq73,1797703
Menu,Меню,/m/024gjb,1795071
Ryazan,Рязань,/m/02g4sv,1793883
Hypertext Transfer Protocol,HTTP,/m/03hgt,1792984
iTunes,iTunes,/m/019g58,1792495
Tooth,Зуб,/m/0cnxs6x,1791180
Iron Man,Железный Человек,/m/0hnws,1790663
Triangle,Треугольник,/m/07jx7,1788082
Egg,Яйцо,/m/02g387,1787591
Percy Jackson: Sea of Monsters,Перси Джексон: Море чудовищ,/m/0d31rqr,1780163
Spain,Испания,/m/06mkj,1775702
Head,Голова,/m/04hgtk,1774574
Pork chop,Котлета,/m/05hc9_,1773533
LG Electronics,LG Electronics,/m/03068d,1771688
Casting,Кастинг,/m/050rdq,1771505
Dragon,Дракон,/m/02cp5,1770434
Cupboard,Шкаф,/m/0642b4,1765432
Light-emitting diode,Светодиод,/m/04myn,1765127
Beach,Пляж,/m/0b3yr,1764677
Baku,Баку,/m/01gf5,1762080
Idea,Идея,/m/015hcf,1759613
Music video,Музыкальный видеоклип,/m/0mdxd,1759379
1+1,1+1,/m/02726vr,1758965
Miley Cyrus,Майли Сайрус,/m/0bdxs5,1757702
Bollard,Прикол,/m/04xvcq,1752558
Alphabet,Алфавит,/m/0hwf,1751074
Incandescent light bulb,Лампа накаливания,/m/0cpk7,1750406
United Kingdom,Великобритания,/m/07ssc,1749181
Postal code,Почтовый индекс,/m/0dll7,1745040
"Monsters, Inc.",Корпорация монстров,/m/01c22t,1743391
Subway Surfers,Subway Surfers,/m/0kyvw1z,1741635
Tele2,Tele2,/m/05bxbn,1741557
Simulation,Симулятор,/m/0bwzm,1741539
Night,Ночь,/m/01d74z,1740744
Tver,Тверь,/m/020lqb,1738563
Tile,Кафель,/m/021w6f,1731081
Central heating,Отопление,/m/03chr7,1728183
Mazda,Mazda,/m/04x9h,1727756
PlayStation,PlayStation,/m/05zxk,1726974
Central processing unit,Процессор,/m/01lr2,1725448
Zaytsev+1,Зайцев+1,/m/0ndskv0,1723420
Web browser,Браузер,/m/082hp,1721575
HTC One series,HTC One,/m/0j9lv6s,1719871
2012,2012,/m/047vnkj,1719394
Army,Армия,/m/0pd7,1717757
C#,C Sharp,/m/07657k,1716504
Stomatology,Стоматология,/m/058fv9,1714779
Rostelecom,Ростелеком,/m/0kqhy0,1713171
"Nike, Inc.",Nike,/m/0lwkh,1712356
Pedagogy,Педагогика,/m/0268k7,1712342
Racetrack,Гонки,/m/018fl6,1711505
Israel,Израиль,/m/03spz,1710684
Property,Имущество,/m/05wrt,1705613
Blood pressure,Кровяное давление,/m/0fmq1,1702906
GeForce,GeForce,/m/0132b8,1700280
Ring,Кольцо,/m/09l0j_,1694760
Prose poetry,Стихотворение в прозе,/m/017k4z,1691943
Abdominal pain,Боли в области живота и таза,/m/02tfl8,1691672
Transformers,Вселенная трансформеров,/m/03dhbp,1691469
Pork,Свинина,/m/0frq6,1690324
Crimea,Крым,/m/0cr7m,1689811
Web page,Веб-страница,/m/086nh,1687094
Egg,Яйцо,/m/033cnk,1686667
Pipe,Труба,/m/09w9qp,1684951
Buttercream,Крем,/m/0b6w2z,1680631
UEFA Champions League,Лига чемпионов УЕФА,/m/0c1q0,1676299
STS,СТС,/m/026r99l,1673144
Football team,Футбольный клуб,/m/02xsf,1670683
Kyrgyzstan,Киргизия,/m/0jt3tjf,1669724
I Spit on Your Grave,Я плюю на ваши могилы,/m/09gb2r1,1667852
Smiley,Смайлик,/m/06n05,1667475
Marketing,Маркетинг,/m/0g4gr,1666312
iPhone 5c,iPhone 5c,/m/0w_gj2_,1666062
Great Patriotic War,Великая Отечественная война,/m/025rzfc,1665595
Zodiac,Зодиак,/m/088sv,1664826
IP address,IP-адрес,/m/03vms,1663920
Insidious,Астрал,/m/0c3ybss,1662554
Stavropol,Ставрополь,/m/02dvvr,1661455
Escape Plan,Могила,/m/0hz81ff,1660584
France national football team,Сборная Франции по футболу,/m/01l3vx,1654846
Europa Plus,Европа плюс,/m/0gj1_j,1654102
The Big Bang Theory,Теория большого взрыва,/m/02r5qtm,1650275
Kazakhs,Казахи,/m/01f0hl,1649804
Internet Protocol,IP,/m/03yqv,1649659
Russian proverbs,Русские пословицы и поговорки,/m/01zsz2,1646168
OJSC VimpelCom,Вымпел-Коммуникации,/m/0kfz9pc,1645663
Carcinoma,Карцинома,/m/01rr1s,1642233
Syndrome,Синдром,/m/01pgj4,1639866
Real Madrid C.F.,Реал Мадрид,/m/06l22,1639372
Share,Акция,/m/03jzl9,1636920
Sherlock,Шерлок,/m/053x8hr,1626314
Silver,Серебро,/m/025sf8x,1623439
Disc jockey,Диск-жокей,/m/02dsz,1621144
Code,Кодекс,/m/03qc9bc,1616733
Boiler,Паровой котёл,/m/017ssg,1616027
Lurkmore.to,Луркоморье,/m/0cc67gy,1615790
Eggplant,Баклажан,/m/0cdk2,1615722
The Hunger Games,Голодные игры,/m/0gkz15s,1614193
Tom and Jerry,Том и Джерри,/m/03k99c,1614065
Throat,Горло,/m/0mhy4,1609435
Murder,Убийство,/m/051_y,1609402
Latvia,Латвия,/m/04g5k,1608538
2014 Winter Olympics,Зимние Олимпийские игры 2014,/m/03mfdg,1606577
Egypt,Египет,/m/02k54,1605499
Twilight,Сумерки,/m/02z49wj,1604724
Pension,Пенсия,/m/0by51,1603729
Belgorod,Белгород,/m/02fdqr,1600482
Statistics,Статистика,/m/06mnr,1599614
Scorpio,Скорпион,/m/07bdjm,1599516
Sony Xperia,Xperia,/m/06w58cc,1598546
Magic,Магия,/m/0czwj,1597040
Model,Модель,/m/0d1pc,1596943
